feature_idx,effect_size,p_value,pos_mean_change,neg_mean_change,pos_std_change,neg_std_change,p_value_fdr
0,-0.15752496152807138,0.7122756129709891,0.014182908,0.043379117,0.12801896,0.20136997,0.9863660531545235
1,0.2528979656844019,0.5547674945713785,0.014110817,-0.033004947,0.13257097,0.20090163,0.9863660531545235
2,0.1322615083731989,0.7567146682196956,0.034294035,0.020322165,0.088321745,0.10810518,0.9863660531545235
3,-0.2415667857341897,0.5725046809399013,0.018600337,0.06965171,0.18105611,0.21409298,0.9863660531545235
4,-0.0695916831171601,0.8704109188286641,0.017023213,0.027666803,0.2095675,0.08920029,0.9863660531545235
5,-0.06253140108437781,0.883452045267945,-0.006607943,0.006533025,0.22322486,0.1867479,0.9863660531545235
6,0.31044868739005343,0.4693309088375488,0.058385413,0.012321259,0.10536266,0.1600936,0.9863660531545235
7,0.1293818606041961,0.761838557456903,0.009401027,-0.013853357,0.24190897,0.110760756,0.9863660531545235
8,-0.5646981587915363,0.19414675869961062,-0.03779637,0.05980312,0.15841833,0.16957079,0.9863660531545235
9,0.011815602893215461,0.9778963330755417,-0.0037970096,-0.005166186,0.07927092,0.12618984,0.9987026380345958
10,0.37154785888210273,0.3877339632365655,0.01224442,-0.0554936,0.13627866,0.19392268,0.9863660531545235
11,0.8803006994781707,0.04860660332584654,0.050639465,-0.07740394,0.1434075,0.13671401,0.9863660531545235
12,0.5178937666067738,0.2323158848914963,0.009017332,-0.00991981,0.03757481,0.033374935,0.9863660531545235
13,0.5253667441165067,0.22586445508235553,0.027765188,0.012395563,0.027350796,0.028397499,0.9863660531545235
14,-0.4362088869356878,0.3121133772472109,-0.05139991,0.020206098,0.18469852,0.13803656,0.9863660531545235
15,-0.02011103123887392,0.9623876844910866,0.09441424,0.099443294,0.24700245,0.23475042,0.9934324485069281
16,0.026543899091199148,0.9503713141504018,-0.012185382,-0.017354233,0.17918256,0.19065918,0.9934324485069281
17,-0.6736452135541053,0.1243769607116861,-0.023170276,0.062107924,0.1236972,0.11968114,0.9863660531545235
18,0.42996713685276233,0.31892774187611683,0.14962529,0.03587819,0.252781,0.25358814,0.9863660531545235
19,-0.20546984946642943,0.6308559571620325,-0.0942342,-0.05875537,0.13537447,0.18092449,0.9863660531545235
20,0.03967812002047015,0.9258776285640165,0.027286433,0.01882731,0.21358792,0.19821796,0.9863660531545235
21,0.11904739065933084,0.7803176969660173,0.003608389,-0.022109862,0.17970338,0.22152694,0.9863660531545235
22,0.5023827764864616,0.2461511982714899,0.008350803,-0.073322855,0.2148364,0.105218634,0.9863660531545235
23,-0.4105833892267457,0.3407500051040536,-0.043717656,0.038775485,0.19783652,0.18900329,0.9863660531545235
24,0.021334619269266383,0.9601012731717249,-0.024336804,-0.027434701,0.11712894,0.15064026,0.9934324485069281
25,-0.5188836930368789,0.23145333185124628,-0.024624981,0.108859286,0.16687648,0.2834676,0.9863660531545235
26,0.1193511229991294,0.7797726360363207,-0.024507599,-0.058788147,0.1996039,0.3115955,0.9863660531545235
27,0.3582976174551718,0.40460207383008695,0.0357899,-0.024670625,0.21148318,0.12217816,0.9863660531545235
28,-0.24613367213076265,0.5653213648817115,-0.11682394,-0.043157812,0.23051868,0.3154289,0.9863660531545235
29,-0.6269542793771828,0.15121988106769632,-0.06038287,-0.0026601115,0.06767119,0.09841104,0.9863660531545235
30,0.09091458016179524,0.8312682818246515,0.0675721,0.046578985,0.20047484,0.23256819,0.9863660531545235
31,-0.14234214093270298,0.7388690878434445,0.00053262216,0.026362682,0.09908773,0.20592579,0.9863660531545235
32,-0.5549001809613159,0.20170227145481842,-0.07842424,0.034405548,0.23867112,0.16266613,0.9863660531545235
33,-0.41456613392036573,0.33618455852880924,0.04636478,0.102616884,0.078251705,0.15274024,0.9863660531545235
34,-0.2726351771118391,0.5245728699635472,-0.019292567,0.037856076,0.13188124,0.23239611,0.9863660531545235
35,0.25513423996981555,0.5513011713795679,-0.0019032226,-0.06110828,0.2202764,0.2233069,0.9863660531545235
36,0.16325124304572725,0.7023399746497601,-0.07287581,-0.12582926,0.36621898,0.27174395,0.9863660531545235
37,-0.0578231457991085,0.892167764359295,0.016003324,0.03177256,0.28066656,0.24862991,0.9863660531545235
38,-0.0223655182489553,0.9581751922248274,0.011790708,0.015908381,0.17470363,0.17720333,0.9934324485069281
39,0.13386019192375448,0.7538749731228529,0.05709655,0.04189508,0.14946045,0.0742405,0.9863660531545235
40,-0.317264069949905,0.45975180460361986,-0.100084454,-0.029739637,0.20740198,0.2151598,0.9863660531545235
41,-0.26921411592892724,0.5297414040796016,-0.04000577,0.038364552,0.3496475,0.22569622,0.9863660531545235
42,0.0022552244937115024,0.9957805536098824,0.017312046,0.016958863,0.18268599,0.12627956,0.9989613008958841
43,0.07236473660530529,0.8652988562241432,0.039298017,0.02255633,0.24728307,0.20447929,0.9863660531545235
44,0.5772537157732677,0.1847915990319183,0.028400548,-0.04791595,0.121135086,0.12973382,0.9863660531545235
45,0.04898566237934005,0.9085641341802384,0.020562,0.007337912,0.30650684,0.22476465,0.9863660531545235
46,-0.04513553117486878,0.9157208611912462,-0.0004406505,0.004716305,0.09491925,0.11721918,0.9863660531545235
47,0.2768075579938606,0.5183068297857049,-0.043586545,-0.083067276,0.14085717,0.1339101,0.9863660531545235
48,0.3127155134908167,0.4661318327216297,-0.037797544,-0.119686194,0.22133245,0.2667955,0.9863660531545235
49,0.6378644097994102,0.1445570921151592,0.13357651,0.060873643,0.11194796,0.10739751,0.9863660531545235
50,0.801284381274363,0.07056276799348403,0.04543972,-0.06280584,0.14074293,0.12198579,0.9863660531545235
51,0.6646292629962044,0.1292271629228689,0.024215417,-0.046889115,0.10336922,0.10186094,0.9863660531545235
52,-0.11859483991598388,0.7811300363609395,0.0013291024,0.020407865,0.108287826,0.17584646,0.9863660531545235
53,0.41154242161085164,0.3396468050334107,0.098430015,-0.010627159,0.24717139,0.25756064,0.9863660531545235
54,-0.26916739050723404,0.5298121877351414,0.0160943,0.07849393,0.19800025,0.23515974,0.9863660531545235
55,0.9508162531336959,0.034416451157877094,0.067074016,-0.168804,0.22553253,0.2444274,0.9863660531545235
56,-0.06367059657892295,0.881345432602523,0.0038515197,0.020915976,0.26830265,0.2493174,0.9863660531545235
57,0.35078787638900205,0.4143677201087115,0.03488925,-0.0118224835,0.05798536,0.1548866,0.9863660531545235
58,-0.20784508299016805,0.6269337265867245,-0.020680537,0.021400204,0.19032557,0.1959226,0.9863660531545235
59,0.13674682718474224,0.7487565524197404,0.055068053,0.030178122,0.21161735,0.147379,0.9863660531545235
60,0.1426621633200145,0.738304951303121,0.07470791,0.02210041,0.3973372,0.32359302,0.9863660531545235
61,0.0625839337141364,0.8833548822171211,-0.0014211403,-0.014596079,0.20301022,0.20067522,0.9863660531545235
62,0.3231648154011371,0.4515535148545612,0.068540685,0.01856537,0.16679682,0.13558032,0.9863660531545235
63,0.42482209217571737,0.32462257307955034,0.06496962,-0.031130465,0.20218207,0.22477964,0.9863660531545235
64,-0.3647250182124968,0.3963617976185104,-0.04892794,-0.006130925,0.14787365,0.08410861,0.9863660531545235
65,-0.21740896305652369,0.6112556082979841,-0.03310491,0.014636823,0.1433003,0.24166921,0.9863660531545235
66,0.7403419967871765,0.09302449196909128,0.027685242,-0.08435905,0.13867742,0.14850567,0.9863660531545235
67,0.2616859332739154,0.5412117128463905,0.04442419,-0.0051087956,0.20955706,0.16186392,0.9863660531545235
68,-0.4465906637509494,0.301007772328181,-0.056718692,0.0070432965,0.14506482,0.13142027,0.9863660531545235
69,-0.3256888765296085,0.44807384401835526,0.0011142029,0.10198709,0.25182074,0.32038325,0.9863660531545235
70,0.3558778876666354,0.4077324950647623,0.0061722565,-0.03546424,0.12592022,0.10277396,0.9863660531545235
71,-0.15594622950074222,0.7150241551657908,0.01351132,0.03318364,0.104123436,0.12974806,0.9863660531545235
72,0.3755545295431942,0.3827247759833915,0.0031837358,-0.057464756,0.101242326,0.17916325,0.9863660531545235
73,0.24149312575341175,0.5726209165861913,0.066906385,0.0105451355,0.23760387,0.2145109,0.9863660531545235
74,0.3860955607528662,0.3697498677747493,0.08298569,0.02063825,0.19509394,0.124130584,0.9863660531545235
75,-0.26725461359596137,0.5327142302069625,-0.011154829,0.033092212,0.15503019,0.16056633,0.9863660531545235
76,-0.7148456059756015,0.10410725491333193,-0.1531195,-0.0075140875,0.20056829,0.19160797,0.9863660531545235
77,0.07527594125246363,0.8599385998796532,0.021184096,0.009022297,0.16488382,0.14822875,0.9863660531545235
78,-0.5402947007666685,0.21338791230673632,-0.026968373,0.06828853,0.16018021,0.17376617,0.9863660531545235
79,0.07235432799437615,0.8653180361368863,-0.055751365,-0.06745241,0.16183862,0.15047449,0.9863660531545235
80,-0.16375971116320337,0.7014603217696209,-0.04476762,-0.020445175,0.18179055,0.1119178,0.9863660531545235
81,0.05185401967616789,0.9032374756862168,-0.029635003,-0.039319996,0.17607974,0.18044844,0.9863660531545235
82,0.3916821347436604,0.36299323216828827,-0.034630988,-0.114914656,0.090737656,0.23807463,0.9863660531545235
83,-0.01636219398972211,0.9693947836377332,-0.055779114,-0.0516478,0.18072572,0.27185607,0.9949564812269216
84,-0.09350041079202595,0.8265495886314466,0.030834654,0.047477197,0.13363886,0.18908013,0.9863660531545235
85,0.06168538325501182,0.8850170779299228,0.009133627,-0.005108708,0.21251889,0.22602539,0.9863660531545235
86,0.4629122892658102,0.28412258600576085,0.05350711,-0.027917111,0.121524535,0.19109328,0.9863660531545235
87,0.16825965372710655,0.6936942016217069,-0.015910238,-0.05446082,0.16047782,0.24806842,0.9863660531545235
88,0.2961670105897119,0.48978227563109067,-0.037902437,-0.1163142,0.18983334,0.2849289,0.9863660531545235
89,0.3600996005714667,0.4022808439935971,0.013887056,-0.028407522,0.14436466,0.08790953,0.9863660531545235
90,-0.07547524377672916,0.8595718824462868,0.035093233,0.04931973,0.16175531,0.19081613,0.9863660531545235
91,-0.05150086937336321,0.9038930425985807,-0.027434267,-0.012344245,0.3625016,0.21696056,0.9863660531545235
92,-0.6299950212203397,0.14933821780795112,-0.12863384,0.002900356,0.2291409,0.18008628,0.9863660531545235
93,0.4434004774941801,0.30439004703168554,-0.016849034,-0.18587168,0.3452104,0.37632456,0.9863660531545235
94,0.06688581840642194,0.8754047129828002,-0.08772425,-0.10159614,0.16601613,0.21575306,0.9863660531545235
95,-0.13574111334437738,0.7505384997406217,-0.04784555,-0.014651705,0.25729078,0.2190565,0.9863660531545235
96,0.2975292211885168,0.4878096940588885,0.030437626,-0.029310415,0.24289246,0.1541011,0.9863660531545235
97,0.7470227314907386,0.09029343967276672,0.04956714,-0.055007316,0.14470863,0.12719087,0.9863660531545235
98,0.9333047757859982,0.03753630112928098,0.08474542,-0.022988735,0.08895668,0.12163482,0.9863660531545235
99,-0.3682655482369333,0.391869232532312,-0.103436284,-0.047699884,0.13653544,0.14970239,0.9863660531545235
100,0.5314274313788393,0.22073337173815857,0.020058764,-0.069941975,0.0972399,0.19076967,0.9863660531545235
101,0.19737940366273027,0.6442988524744302,0.018323468,-0.023387294,0.22697026,0.18597877,0.9863660531545235
102,0.2552950078871892,0.5510524189452596,0.063106745,0.0068008644,0.19425787,0.22068487,0.9863660531545235
103,0.06973388339581252,0.8701486376167833,0.019370817,0.010935712,0.14876051,0.090454064,0.9863660531545235
104,0.15050173291798338,0.7245331097357646,-0.04353258,-0.072118446,0.11437761,0.2122788,0.9863660531545235
105,0.2839633766061778,0.5076573292067859,-0.035554826,-0.09382097,0.14688854,0.22091758,0.9863660531545235
106,-0.6461078237557345,0.13968395699423924,-0.047833655,0.07478008,0.2087481,0.16332388,0.9863660531545235
107,0.5443437835474747,0.21009708450447218,0.065779336,-0.07737126,0.21123284,0.27323896,0.9863660531545235
108,-0.044657350760062914,0.916610238567772,-0.042016845,-0.033463534,0.19982037,0.17276292,0.9863660531545235
109,0.1780337781071459,0.6769447669086965,0.097847775,0.059926197,0.20152226,0.2053675,0.9863660531545235
110,-0.4696518631665179,0.27735386700391795,-0.03048075,0.033612724,0.17100075,0.098846376,0.9863660531545235
111,-0.5721874605619411,0.1885226929903337,-0.08325468,0.015516901,0.21233338,0.12904447,0.9863660531545235
112,0.2477207529157822,0.5628358991970268,0.010548446,-0.025629772,0.113325074,0.15354778,0.9863660531545235
113,-0.20362540179508176,0.6339093996990979,-0.011494507,0.040455684,0.22302899,0.25616267,0.9863660531545235
114,-0.3362695980759129,0.4336655096588288,-0.025192823,0.03844261,0.14985147,0.19761148,0.9863660531545235
115,-0.22096479362645266,0.6054742155371315,-0.02379634,0.025413362,0.24027663,0.1951987,0.9863660531545235
116,0.3553151723995725,0.40846269928729817,0.07692162,0.0028652619,0.25651142,0.15567343,0.9863660531545235
117,0.04698460868366765,0.91228279725244,-0.02478238,-0.031891126,0.14109509,0.14706987,0.9863660531545235
118,-0.7681114342698384,0.08212065128624421,0.04346527,0.163393,0.13147841,0.15931685,0.9863660531545235
119,0.02048530604336524,0.9616882735586381,-0.081717886,-0.08920022,0.33826864,0.3563889,0.9934324485069281
120,-0.056079558634656065,0.8953990200806852,0.023111202,0.037242506,0.1841928,0.26976505,0.9863660531545235
121,-0.43477739411491817,0.31366706558942226,-0.0047217607,0.08991034,0.20597535,0.20982575,0.9863660531545235
122,0.9665059940487469,0.03182420917519191,0.09750815,-0.04780243,0.1142588,0.159121,0.9863660531545235
123,0.04202002273406021,0.9215174347016385,-0.10225638,-0.10965685,0.116804905,0.19314812,0.9863660531545235
124,0.4061841026976907,0.34584209044055625,0.0340311,-0.12635715,0.28426546,0.42449644,0.9863660531545235
125,0.11168477622557342,0.7935650190287874,-0.02162244,-0.03772739,0.09003349,0.1601054,0.9863660531545235
126,-0.4176579822722589,0.33266949657482436,-0.06489825,0.03031626,0.2986232,0.1507292,0.9863660531545235
127,0.4193709022783803,0.3307330699336508,0.014713351,-0.04490103,0.15068297,0.1265463,0.9863660531545235
128,0.24772402663067628,0.5628307813836317,0.07311897,0.023531355,0.1981767,0.18762647,0.9863660531545235
129,4.30066765300932e-05,0.9999195356072432,-0.11463075,-0.11464801,0.41221347,0.36627784,0.9999195356072432
130,0.21588904704681275,0.6137347862562468,0.078207575,0.014803664,0.25378025,0.2964132,0.9863660531545235
131,0.1849871937797561,0.6651315819281938,0.015427381,-0.030798353,0.23200786,0.24348839,0.9863660531545235
132,-0.36632187678992634,0.3943314530337826,0.0059226123,0.071161196,0.17503989,0.16773176,0.9863660531545235
133,0.054427429706465164,0.8984624960424065,-0.0127459075,-0.025523739,0.28050125,0.18338051,0.9863660531545235
134,0.034920882367746875,0.9347419211882126,0.026506437,0.014102872,0.38537237,0.30972236,0.9863660531545235
135,0.14610479269321094,0.7322458618132214,0.033019323,-0.0047404496,0.29708096,0.21215218,0.9863660531545235
136,-0.16729773633463832,0.6953514498219027,0.0043019853,0.045040093,0.28946486,0.19155356,0.9863660531545235
137,-0.05589204698103735,0.8957466312960208,0.13253623,0.147998,0.2675752,0.26321605,0.9863660531545235
138,-0.2721273265752771,0.5253383869127091,-0.047195554,0.023511427,0.27676263,0.23034517,0.9863660531545235
139,0.49723960691791863,0.2508725997729248,0.0013249384,-0.099711336,0.23095565,0.16897142,0.9863660531545235
140,-0.39557715252808084,0.3583316241310579,-0.04978821,0.09745953,0.3393204,0.36624712,0.9863660531545235
141,-0.09840308041902886,0.8176215678363556,-0.04287759,-0.018325517,0.2902447,0.20188838,0.9863660531545235
142,0.41541039193203705,0.33522221381017103,0.033673856,-0.037767783,0.13353132,0.18077783,0.9863660531545235
143,-1.2811416975048653,0.006030852820570391,-0.16612841,0.06147637,0.22657853,0.12445341,0.926338993239612
144,0.15981161766889396,0.7083016591817755,0.05515236,0.027265865,0.20633057,0.13825686,0.9863660531545235
145,0.6044818610858461,0.1657314342278126,0.03747284,-0.026872968,0.12442167,0.08561873,0.9863660531545235
146,0.1795958802317244,0.6742833540243041,0.035849072,-0.015551076,0.2725603,0.27488348,0.9863660531545235
147,-0.2072303275153438,0.6279477982593926,-0.030096956,0.016785793,0.12231266,0.25708187,0.9863660531545235
148,0.05573857940718321,0.8960311492289875,-0.046637416,-0.059518177,0.23112364,0.21511514,0.9863660531545235
149,-0.2130619065050815,0.6183587710314575,-0.034717724,0.025951946,0.3349021,0.22721481,0.9863660531545235
150,0.09837549751283158,0.8176717273048052,0.04106857,0.02378071,0.10826294,0.19560523,0.9863660531545235
151,0.12884409751198872,0.7627966690870254,0.05486643,0.030234832,0.18199334,0.1836569,0.9863660531545235
152,0.42450103140085954,0.32498026522076373,0.14376308,0.04308935,0.27438793,0.19317792,0.9863660531545235
153,0.34443078742285144,0.42274997555128824,0.10361282,0.02452298,0.25575832,0.19515717,0.9863660531545235
154,-0.6473450857865988,0.13896433224968824,-0.05929103,0.077578984,0.19331728,0.20770821,0.9863660531545235
155,-0.19868207134332097,0.6421257808544388,-0.005442798,0.044881925,0.3014715,0.1989125,0.9863660531545235
156,-0.17847971401886917,0.6761845680047472,0.058688574,0.098815374,0.23008786,0.20584135,0.9863660531545235
157,0.17292355698404024,0.6856812662494745,-0.002731205,-0.03557948,0.08823581,0.21966366,0.9863660531545235
158,0.47628332032543064,0.27080913469017215,0.02524723,-0.03728186,0.16670561,0.09276225,0.9863660531545235
159,-0.46514074632353775,0.2818713680431784,0.013996022,0.09799062,0.1917868,0.16048937,0.9863660531545235
160,0.1253561296593083,0.7690204296922255,0.026763495,0.0010459612,0.19935529,0.19464032,0.9863660531545235
161,-0.46330846904137657,0.28372140667101486,-0.06921192,0.052976202,0.19041513,0.28329614,0.9863660531545235
162,-0.2482433304624588,0.5620187551065723,-0.063873924,-0.014760829,0.17194715,0.19916902,0.9863660531545235
163,-0.19327627684487597,0.6511647527281603,-0.011741837,0.006957487,0.082349464,0.098283954,0.9863660531545235
164,0.04010377158224902,0.9250849634309005,0.021053595,0.016241105,0.12816729,0.10613302,0.9863660531545235
165,0.39036175156683345,0.3645826597498104,0.0848926,-0.011522814,0.24095751,0.23374397,0.9863660531545235
166,0.39761136215657045,0.35591312051667356,0.06656596,0.011146664,0.14053513,0.12900688,0.9863660531545235
167,0.04637484206157429,0.913416368424931,-0.020034466,-0.02776731,0.20170358,0.12794214,0.9863660531545235
168,-0.04530333024171211,0.9154087954297006,0.046673954,0.052647725,0.085958,0.14514953,0.9863660531545235
169,-0.20490640697971754,0.6317880117868281,-0.021358112,0.02924166,0.27709508,0.20824994,0.9863660531545235
170,0.07380538819529846,0.8626454139927533,0.07652295,0.066577636,0.17504323,0.09081409,0.9863660531545235
171,0.5092766026367094,0.23992757991639593,0.017383609,-0.040151283,0.11794989,0.10184235,0.9863660531545235
172,0.9291047605144033,0.038321857091971126,0.11778484,-0.010513846,0.10578791,0.145782,0.9863660531545235
173,-0.1257742583151957,0.7682734918447873,0.023884386,0.05433375,0.23514679,0.22975023,0.9863660531545235
174,0.25223979982174993,0.5557898468307654,0.02253938,-0.015797902,0.12582447,0.15614478,0.9863660531545235
175,-0.05152048210327723,0.9038566306251408,0.05753751,0.06990643,0.1681945,0.2599251,0.9863660531545235
176,-0.05031717376793803,0.9060908999609503,0.061417453,0.07364073,0.15564232,0.2683592,0.9863660531545235
177,0.010786923314373836,0.9798202438904381,-0.056072313,-0.05756979,0.070907414,0.15889867,0.9989613008958841
178,-0.09407584477343398,0.8255004257893224,-0.055742662,-0.03935841,0.18132326,0.15735197,0.9863660531545235
179,0.1309667444903995,0.7590171040971341,-0.023040341,-0.06471225,0.2608265,0.32813317,0.9863660531545235
180,-0.1286337938148008,0.7631714640583818,-0.08759163,-0.0618404,0.09230322,0.23166011,0.9863660531545235
181,-0.3402458891533292,0.4283256117839249,-0.12833819,-0.057812873,0.19750312,0.1990209,0.9863660531545235
182,-0.24058528096258727,0.57405453860245,-0.0077666324,0.020849932,0.12356323,0.10765576,0.9863660531545235
183,0.5389144890126577,0.21451869740680785,0.21408464,0.08838679,0.24489495,0.20929807,0.9863660531545235
184,-0.5757130783838917,0.18591999875504708,-0.018980814,0.08696048,0.2209197,0.14276421,0.9863660531545235
185,-0.12459946680222263,0.7703727046379476,0.013470398,0.034815386,0.09647968,0.19353771,0.9863660531545235
186,0.5097046193404207,0.2395451284971041,0.05044144,-0.10946359,0.1821768,0.35275707,0.9863660531545235
187,0.6326793981620056,0.14769299077534115,0.11939958,0.023034891,0.16299915,0.13447638,0.9863660531545235
188,-0.027003599604155503,0.9495130389853491,0.036208484,0.040870134,0.21301112,0.12839161,0.9934324485069281
189,-0.5566682531295125,0.20032215619299132,-0.047795426,0.054854672,0.21728751,0.14677785,0.9863660531545235
190,-0.5057521780346956,0.24309440796621387,-0.023466805,0.061511807,0.10510653,0.18649049,0.9863660531545235
191,0.394067828365313,0.3601332009835775,0.03429452,-0.021522617,0.13686483,0.1348568,0.9863660531545235
192,-0.6819361992771833,0.120051677800471,-0.017847138,0.056276932,0.091211416,0.111071356,0.9863660531545235
193,-0.5825547719137727,0.18095039187699935,-0.03234707,0.12037197,0.20160557,0.27642238,0.9863660531545235
194,-0.20987726609290516,0.6235868925907502,0.07728252,0.1162255,0.1502712,0.19221702,0.9863660531545235
195,-0.5306871799791817,0.22135526927869395,-0.03690034,0.02201546,0.08398349,0.11766354,0.9863660531545235
196,0.05774032327934551,0.8923212101777753,0.0087563675,-0.003105714,0.2314563,0.17250328,0.9863660531545235
197,-0.11791334202152584,0.7823538270844573,0.016793303,0.03748571,0.16092968,0.17212972,0.9863660531545235
198,0.364478432503107,0.3966759150811707,-0.03446885,-0.10801057,0.19867614,0.1898099,0.9863660531545235
199,-0.0026956847251096753,0.9949564786988059,-0.011798373,-0.010971213,0.28505385,0.29889795,0.9989613008958841
200,0.1543025730075658,0.7178899480079949,-0.017761879,-0.042400543,0.14199188,0.15905498,0.9863660531545235
201,0.40184933135760437,0.35090999027428604,-0.020453794,-0.05860796,0.08603382,0.09370515,0.9863660531545235
202,-0.4446343301005924,0.30307872656008045,-0.069023594,0.026930476,0.20406406,0.20813379,0.9863660531545235
203,0.19356883706095812,0.650674133207598,0.011222631,-0.024781235,0.16885221,0.18339665,0.9863660531545235
204,0.525821018163591,0.2254767204731543,0.042935207,-0.04167606,0.18807267,0.12943508,0.9863660531545235
205,0.04228108228668715,0.9210315446909443,-0.072126985,-0.079972096,0.154995,0.18994647,0.9863660531545235
206,-0.4849838707866497,0.262395011161632,-0.048377663,0.013161713,0.12098295,0.12178919,0.9863660531545235
207,0.059756471522666076,0.8885871232697304,-0.008481887,-0.021543901,0.18399273,0.223083,0.9863660531545235
208,0.003482882578741295,0.993483693304714,0.022683233,0.021435656,0.30964965,0.36146492,0.9989613008958841
209,0.480413235451673,0.2667908084360492,0.039731406,-0.0692229,0.21624313,0.2176726,0.9863660531545235
210,-0.38712899614386825,0.36849372216631404,-0.08744535,-0.023622338,0.17226045,0.1485235,0.9863660531545235
211,-0.43008012168188153,0.3188034672287834,-0.008907805,0.09280958,0.27036375,0.19540104,0.9863660531545235
212,0.14283582831976396,0.7379988754409359,-0.00953925,-0.0404468,0.24066257,0.18417913,0.9863660531545235
213,-0.19260399300481895,0.6522927495667848,-0.06895312,-0.0055807433,0.34967557,0.29226363,0.9863660531545235
214,-0.3990786318025047,0.3541755196319881,-0.052229438,0.012484838,0.1197661,0.17309114,0.9863660531545235
215,-0.38466990609249657,0.3714874373833058,-0.0879866,-0.010058931,0.20849565,0.18468809,0.9863660531545235
216,-0.0593180173908488,0.8893989585033968,-0.011679643,0.0013455302,0.26162773,0.17218529,0.9863660531545235
217,0.5868422332629616,0.17789023204482585,0.10501996,-0.0619718,0.36714566,0.19464013,0.9863660531545235
218,0.14394241127833102,0.7360496371467639,-0.021222075,-0.042971436,0.17943335,0.119024955,0.9863660531545235
219,-0.4624158935886538,0.28462579504778324,-0.008646812,0.1848318,0.36421672,0.42091608,0.9863660531545235
220,0.1562277033826913,0.7145338213758505,0.04309152,0.013236926,0.20630522,0.16739935,0.9863660531545235
221,-0.3926612018731273,0.3618176660217344,-0.03144951,0.040133335,0.23546869,0.12440186,0.9863660531545235
222,-0.44035118384647426,0.3076480957657881,-0.040867016,0.045538906,0.19237201,0.18511106,0.9863660531545235
223,0.2603302007471264,0.5432914016090884,0.078219384,0.033084117,0.19038163,0.14946668,0.9863660531545235
224,-0.18932642280875028,0.6578042072395252,-0.011202719,0.028117688,0.113067016,0.23577917,0.9863660531545235
225,-0.4555793492236515,0.29162213920148894,-0.016906198,0.105355546,0.17697485,0.29468167,0.9863660531545235
226,-0.05496516263836241,0.8974652214588041,-0.0041163135,0.010943905,0.2577831,0.2650222,0.9863660531545235
227,0.26042845054837355,0.5431405347429239,0.020682674,-0.04558404,0.2157709,0.2588953,0.9863660531545235
228,0.6769675881954557,0.12262835259923115,0.023577528,-0.07795394,0.13811384,0.14678507,0.9863660531545235
229,0.3052816440598433,0.47667130791158374,0.015504155,-0.050667707,0.21148047,0.20512128,0.9863660531545235
230,-0.19463483547222105,0.6488878822981107,0.04357697,0.07814337,0.1773225,0.1655092,0.9863660531545235
231,0.396438494117116,0.35730621676348895,0.063593715,0.0015362978,0.1137503,0.16785595,0.9863660531545235
232,-0.2649522930747785,0.5362186678545653,-0.0011622376,0.08989587,0.30928555,0.34035206,0.9863660531545235
233,0.24933434116363876,0.5603147242872677,0.008260939,-0.031052697,0.18547474,0.12578782,0.9863660531545235
234,0.4224618297346178,0.3272585927309488,0.029458966,-0.07657431,0.15016985,0.2808252,0.9863660531545235
235,-0.33842590892541147,0.4307646430955806,-0.07401405,0.0028443635,0.23776227,0.20427348,0.9863660531545235
236,0.8687726373957272,0.05137249403278938,0.08826347,-0.05960806,0.16781464,0.15997842,0.9863660531545235
237,-0.6390518996055089,0.1438466275597899,0.028283514,0.13959245,0.09462782,0.19779578,0.9863660531545235
238,0.35031307828609537,0.4149901146367745,-0.031875476,-0.08402222,0.16832504,0.12449594,0.9863660531545235
239,-0.569590002253714,0.19045851122065563,-0.10730977,-0.020085474,0.15737067,0.13976623,0.9863660531545235
240,0.37970803304675504,0.3775769890628663,0.0174533,-0.040201943,0.16403301,0.13293198,0.9863660531545235
241,0.5422033086050893,0.21183179071812383,0.0014598635,-0.080532715,0.12028148,0.15766703,0.9863660531545235
242,-0.15245607810890188,0.7211144676346605,-0.034518547,-0.0050263484,0.18028766,0.18810408,0.9863660531545235
243,0.36912999661570556,0.3907773897335034,0.040645454,-0.031926155,0.20209429,0.17940097,0.9863660531545235
244,-0.22508270380288045,0.5988118675342113,0.012204511,0.06771886,0.30564314,0.18212204,0.9863660531545235
245,-0.10307553895381956,0.8091362390022084,-0.008506013,0.03379981,0.4386654,0.3627862,0.9863660531545235
246,0.2732372940678657,0.5236660726249498,0.025722977,-0.020220514,0.20802623,0.124506034,0.9863660531545235
247,-0.2682372629397719,0.5312222882090984,0.010111626,0.053212997,0.14700556,0.15780328,0.9863660531545235
248,0.11444037634135149,0.7885992537141233,0.058368333,0.032058448,0.22648261,0.21620093,0.9863660531545235
249,0.24057474137426124,0.5740711964645883,0.034250777,-0.0034094295,0.13143812,0.15992486,0.9863660531545235
250,0.7487162815817205,0.08961218726770565,0.051627584,-0.089905456,0.201453,0.16751066,0.9863660531545235
251,0.4924286536541593,0.255349907506188,0.1448266,0.026368653,0.25637454,0.21315952,0.9863660531545235
252,-0.6766458284744306,0.1227968027569784,-0.036627695,0.07371579,0.13193808,0.16899338,0.9863660531545235
253,0.20876820708574365,0.6254124014901172,-0.013516186,-0.038021278,0.12605794,0.10331152,0.9863660531545235
254,-0.48041195161329026,0.26679205838553577,0.016254924,0.09545019,0.1764109,0.14554828,0.9863660531545235
255,0.049980963144499506,0.9067153069581003,0.0062104333,-0.0029654822,0.2445116,0.116455585,0.9863660531545235
256,0.25757598504964574,0.5475294064824998,0.042607103,-0.002954791,0.20707868,0.14199193,0.9863660531545235
257,0.2587275986141646,0.5457552468071506,-0.040010776,-0.10081743,0.22075102,0.22753714,0.9863660531545235
258,0.042478071948599976,0.9206649215537411,-0.032190602,-0.041541804,0.14285427,0.24255686,0.9863660531545235
259,0.1899247143086154,0.6567966466147173,-0.0047551077,-0.03770516,0.1613772,0.16887674,0.9863660531545235
260,-0.43701759915668614,0.3112380379320105,-0.068011165,-0.0129442355,0.13768227,0.10914782,0.9863660531545235
261,0.9518397087137929,0.034241648753282644,0.07037239,-0.05552735,0.13809371,0.11923877,0.9863660531545235
262,0.03724775459771157,0.9304050412353617,-0.06485842,-0.07249517,0.1733003,0.20888357,0.9863660531545235
263,0.19813589499302164,0.6430365012578344,0.015810847,-0.0144139435,0.14911991,0.14417903,0.9863660531545235
264,-0.1495172575246294,0.7262574371049919,-0.01841516,0.011149027,0.21272366,0.17375909,0.9863660531545235
265,0.24693157134549232,0.5640711026176869,0.039154947,-0.002333658,0.16039355,0.16114508,0.9863660531545235
266,0.4591534468322507,0.28794921561108755,0.041724484,-0.087104134,0.25744826,0.2751265,0.9863660531545235
267,0.167553765559218,0.6949101922144179,0.026011936,0.00801816,0.11734291,0.09302266,0.9863660531545235
268,-0.34926575463310444,0.41636511366952034,0.028953062,0.0806292,0.15055974,0.13603692,0.9863660531545235
269,-0.6716677091102584,0.12542758414272462,-0.0727282,0.02122873,0.17099236,0.105626,0.9863660531545235
270,0.0020263997477086544,0.9962086731289588,-0.05072358,-0.051179655,0.19894558,0.22482604,0.9989613008958841
271,0.1820242177741,0.6701547611048304,0.03424727,0.0072281896,0.11828127,0.1546657,0.9863660531545235
272,-0.18699865346909572,0.6617306506133911,-0.047627132,-0.0011641543,0.16791481,0.27134594,0.9863660531545235
273,0.5966993018623932,0.17101101559453805,0.03485474,-0.057177328,0.08896122,0.17361267,0.9863660531545235
274,0.30931508810763886,0.4709355825468431,0.035369143,-0.024015684,0.2510976,0.12739907,0.9863660531545235
275,-0.33766043359992504,0.43179304465561386,-0.055853862,0.0033361176,0.20110469,0.14422917,0.9863660531545235
276,0.24885410531358831,0.5610644704474843,0.0047526457,-0.0342881,0.1251631,0.16339552,0.9863660531545235
277,-0.007270928973955454,0.986396982428013,0.0061934358,0.007449164,0.12979798,0.18340653,0.9989613008958841
278,-0.19033330584868777,0.6561089241788354,0.05243866,0.09196759,0.13423197,0.22901848,0.9863660531545235
279,-1.0420119549364344,0.02167935474129158,-0.1007172,0.068339,0.15927911,0.1529167,0.9863660531545235
280,-0.5167532917493177,0.23331265432986392,-0.10596214,-0.016022176,0.18593508,0.15390347,0.9863660531545235
281,-0.24194190619711042,0.5719129052532939,-0.08004885,-0.042055205,0.16342227,0.14193116,0.9863660531545235
282,0.6274126591794033,0.1509349941690409,0.063494526,-0.0442278,0.09212995,0.19530061,0.9863660531545235
283,-0.03620950946549293,0.9323398810622445,-0.04545988,-0.03777582,0.14078134,0.23271792,0.9863660531545235
284,0.28982055753743335,0.49903267251696837,0.08981348,0.021627294,0.23963058,0.21616995,0.9863660531545235
285,0.35903884659338536,0.4036462330149736,-0.06824674,-0.15633163,0.25828353,0.21966235,0.9863660531545235
286,0.5557392380686245,0.20104639888543596,0.0033503224,-0.06957779,0.112892866,0.13270259,0.9863660531545235
287,0.3933143300820141,0.3610348641867518,0.091599226,0.0027479967,0.26565477,0.1802894,0.9863660531545235
288,0.26836020306297165,0.531035792761513,-0.03464465,-0.14752655,0.4462105,0.37422127,0.9863660531545235
289,0.3859443453370876,0.3699339106801769,0.0068895123,-0.07027654,0.10839076,0.22711861,0.9863660531545235
290,-0.45335544639629705,0.29392444667796336,-0.014119067,0.0934164,0.26254123,0.20288636,0.9863660531545235
291,0.373199935067388,0.38566336314545957,-0.0611951,-0.1363,0.14526232,0.21619225,0.9863660531545235
292,-0.2936610896209857,0.49342299475727236,0.0065875817,0.06647834,0.16960774,0.20915048,0.9863660531545235
293,-0.03551415561782337,0.9336359612006137,-0.031247549,-0.025542445,0.16940401,0.14363307,0.9863660531545235
294,-0.042290014661811655,0.921014921065165,0.038556777,0.04486293,0.16331933,0.12887445,0.9863660531545235
295,-0.2509194072316251,0.5578438311026062,0.022734625,0.05991816,0.13216987,0.14739986,0.9863660531545235
296,0.6822241187785081,0.11990375137803873,0.07924512,-0.01486672,0.060076736,0.16045202,0.9863660531545235
297,-0.19880738405454265,0.6419169127918429,0.0128533775,0.048598178,0.12096758,0.19655159,0.9863660531545235
298,0.4512907465750685,0.2960735939903422,0.06120463,-0.007852802,0.100800544,0.16806738,0.9863660531545235
299,0.45747406446701505,0.28967085603167225,0.06811183,-0.03532579,0.25798216,0.18721339,0.9863660531545235
300,-0.3256187614075089,0.4481702972130146,-0.052873094,0.013008896,0.20758288,0.1848955,0.9863660531545235
301,0.41325214444549035,0.3376861141387574,0.027848132,-0.027382119,0.07110201,0.15219699,0.9863660531545235
302,-0.04651823948295609,0.913149771540825,0.039412327,0.04769322,0.18839382,0.15868765,0.9863660531545235
303,0.12781733601322953,0.7646270952495648,0.066991046,0.043547682,0.13752002,0.19491565,0.9863660531545235
304,-0.40713822666286464,0.3447333409649852,-0.02663513,0.06184089,0.2444326,0.18279561,0.9863660531545235
305,-0.8026238431048139,0.07012758743440205,-0.07153261,0.034879554,0.10245011,0.13958077,0.9863660531545235
306,-0.5991748871417507,0.16931719496532374,-0.06776892,0.03989047,0.20481335,0.14893547,0.9863660531545235
307,0.4840452888064541,0.2632933110406533,0.03403253,-0.117433555,0.12727478,0.36591327,0.9863660531545235
308,0.197859333559232,0.6434978773915809,-0.0014768458,-0.03277686,0.10717646,0.17265981,0.9863660531545235
309,0.582149949525045,0.18124147497147458,-0.018271357,-0.09470844,0.14504805,0.112525746,0.9863660531545235
310,0.5290142053382143,0.22276564685343292,0.04788376,-0.019985668,0.10873492,0.13056211,0.9863660531545235
311,0.32688515141337643,0.44643036309084794,0.026596772,-0.0102985455,0.11293534,0.1050331,0.9863660531545235
312,-0.30337314139380733,0.47939947113315506,-0.040070444,0.024064332,0.20261692,0.20227845,0.9863660531545235
313,-0.035761154219044584,0.9331755559697557,-0.03540574,-0.029294735,0.18432958,0.14980702,0.9863660531545235
314,-0.2828201076496067,0.5093504946433718,-0.010533997,0.037402924,0.16553706,0.16029434,0.9863660531545235
315,0.04912156786758414,0.9083116519624399,-0.054717973,-0.06534925,0.2005136,0.21113212,0.9863660531545235
316,-1.3717437184519736,0.003642945462272523,-0.07790343,0.08257893,0.09149174,0.12268594,0.926338993239612
317,0.42909387306420566,0.3198893581086377,0.017277518,-0.08032899,0.21274076,0.22075957,0.9863660531545235
318,-0.1588431319876806,0.7099837438290901,0.030257424,0.05245294,0.14099035,0.12926665,0.9863660531545235
319,-0.25202037036548763,0.5561309190301775,0.026294181,0.07331419,0.118257396,0.20654932,0.9863660531545235
320,0.04235725854141738,0.9208897690433843,0.011359673,0.004097716,0.16173169,0.16557844,0.9863660531545235
321,-0.04523845607952736,0.9155294457051598,-0.07242113,-0.06492441,0.1661293,0.15400578,0.9863660531545235
322,0.27860248553552847,0.5156240036372973,-0.06400955,-0.114891656,0.19562396,0.16111904,0.9863660531545235
323,0.18745292029172753,0.6609636135414985,0.021246294,-0.0253837,0.27099863,0.21608412,0.9863660531545235
324,0.7159838037680002,0.1035895545395801,0.07634466,-0.043485876,0.13138409,0.17528756,0.9863660531545235
325,-0.3456519964857745,0.4211315286822561,-0.031897083,0.02708441,0.14789067,0.17199595,0.9863660531545235
326,-0.10065502154177934,0.8135290494299577,-0.04660703,-0.027044082,0.16694206,0.19667402,0.9863660531545235
327,0.32426680008180875,0.45003231964667656,0.041501693,-0.0074135223,0.1629492,0.13207197,0.9863660531545235
328,0.5993210486214563,0.16921761042130964,0.30707803,-0.024615806,0.60822797,0.4767434,0.9863660531545235
329,-0.6538187160746656,0.1352487529275344,-0.09788942,0.05373951,0.31741145,0.13576646,0.9863660531545235
330,-0.42808094195038404,0.32100731516503817,-0.044284616,0.07695551,0.21246175,0.30093306,0.9863660531545235
331,0.16398424184884308,0.7010720154573593,0.022551319,-0.022779206,0.30661035,0.23594287,0.9863660531545235
332,0.09072905015249359,0.8316070974881777,0.0050085466,-0.010242716,0.18368743,0.14559627,0.9863660531545235
333,-0.7787053837673396,0.07826250468942367,-0.12990038,0.042545654,0.18199894,0.22815074,0.9863660531545235
334,-0.4518364982800404,0.29550443542251315,-0.012607376,0.118475296,0.2694629,0.28262132,0.9863660531545235
335,-0.35166607231862385,0.4132180666578692,0.0049230945,0.0767904,0.15128188,0.21799563,0.9863660531545235
336,-0.6083935527798958,0.16312773715305381,-0.09360167,0.018953977,0.16130938,0.1859752,0.9863660531545235
337,-0.3935657338817511,0.36073386787010764,-0.035503045,0.05940336,0.24735141,0.220405,0.9863660531545235
338,-0.7194632138406528,0.10202055156372324,-0.049169898,0.08544812,0.17490144,0.18164071,0.9863660531545235
339,0.3919022656621116,0.36272870025967885,0.07863847,-0.026592402,0.21171093,0.2808072,0.9863660531545235
340,0.2859383866721675,0.5047398236365273,-0.017059918,-0.0655946,0.142373,0.17347679,0.9863660531545235
341,-0.5355965704130725,0.21725593472149912,-0.0760804,-0.016039401,0.09137004,0.115853466,0.9863660531545235
342,-0.03478630120929171,0.9349928212193921,0.024897357,0.029626373,0.11424971,0.13882954,0.9863660531545235
343,0.2813498635204402,0.5115325562287749,-0.050048657,-0.13437359,0.2856191,0.28775486,0.9863660531545235
344,-0.102191231703156,0.8107403622369402,-0.05567726,-0.033854388,0.2311229,0.18663926,0.9863660531545235
345,-0.10253577923456589,0.810115256129965,-0.01863056,0.00036940872,0.20185576,0.16097398,0.9863660531545235
346,0.02125657548481163,0.9602470955952546,0.08329603,0.07948809,0.19131316,0.15845339,0.9934324485069281
347,0.2912755684040836,0.49690315284910347,0.0142027605,-0.043430995,0.25128436,0.13976963,0.9863660531545235
348,-0.04974055541578656,0.9071618284407325,-0.010637697,-0.0029158036,0.17445147,0.13071892,0.9863660531545235
349,0.13471038256750636,0.7523662450734515,-0.049676552,-0.073891714,0.10440097,0.20211916,0.9863660531545235
350,-0.17469945525915123,0.6826399939933405,0.008715832,0.03510431,0.12177718,0.15673585,0.9863660531545235
351,0.08869094898939657,0.8353312408762594,0.055734772,0.04088056,0.14965017,0.16644406,0.9863660531545235
352,0.38875839936836565,0.36651894287833997,-0.0014393429,-0.12657833,0.21005729,0.35425314,0.9863660531545235
353,0.027910044131932734,0.9478208595766988,-0.028347433,-0.034080505,0.19725876,0.19631194,0.9934324485069281
354,-0.856038916803264,0.05459057779028787,-0.110227235,0.022447754,0.19599587,0.11037289,0.9863660531545235
355,-0.47908840524200735,0.26807504191562015,0.01655724,0.107288346,0.17456283,0.1852564,0.9863660531545235
356,0.7252412896033027,0.09945964752106481,0.035973195,-0.08788702,0.16760466,0.16100977,0.9863660531545235
357,-0.07609968404209361,0.8584231230269882,0.05786968,0.06779488,0.15002102,0.10697997,0.9863660531545235
358,-0.19886263503245552,0.6418248351529908,-0.05921854,-1.6975402e-05,0.33991268,0.24629267,0.9863660531545235
359,0.8124615807232451,0.0670029650891984,0.051373597,-0.034422386,0.11759357,0.089768566,0.9863660531545235
360,-0.23606578594389122,0.5812183998066578,-0.03406561,0.0027445138,0.16113363,0.14171486,0.9863660531545235
361,0.2466511255764997,0.5645103666333882,-0.040394694,-0.10273929,0.19410904,0.26664212,0.9863660531545235
362,0.8926721455499438,0.045787700518355984,0.069076695,-0.0790553,0.15473713,0.16131084,0.9863660531545235
363,0.5570515411256949,0.2000239514901813,0.04037038,-0.010319748,0.07389047,0.094174504,0.9863660531545235
364,0.04802744143398201,0.9103445841453947,0.082278214,0.06358278,0.43486726,0.32981062,0.9863660531545235
365,-0.35839364302061233,0.40447815639492446,-0.10301192,-0.03229805,0.1631523,0.20279714,0.9863660531545235
366,0.0773175966436687,0.8561834944811303,-0.0015112725,-0.024850192,0.31684276,0.270936,0.9863660531545235
367,0.34842227314191865,0.41747457314076497,0.028302709,-0.007842431,0.115806,0.08796287,0.9863660531545235
368,0.02141913357646372,0.9599433607340835,-0.025598172,-0.030203547,0.13611056,0.23809393,0.9934324485069281
369,-0.23288139501618366,0.5862927065075272,-0.031773373,0.036203485,0.3027858,0.26449233,0.9863660531545235
370,0.30932000199779364,0.4709286143516339,0.028789155,-0.003982828,0.112510376,0.09417164,0.9863660531545235
371,0.4244544290944457,0.3250322129691643,0.00013094478,-0.106148735,0.2885969,0.20489243,0.9863660531545235
372,0.11666668988779862,0.7845939808922863,0.04392548,0.019585727,0.19971147,0.19976445,0.9863660531545235
373,-0.1612256922507469,0.7058483865094225,0.0102459155,0.051702026,0.26087514,0.23693267,0.9863660531545235
374,0.38729058304382546,0.3682975645882568,0.0051746666,-0.043463025,0.14728312,0.10057878,0.9863660531545235
375,0.3586610171579398,0.40413328203786925,0.020083036,-0.05397253,0.28402156,0.1188597,0.9863660531545235
376,-0.515401520076357,0.23449826528858164,0.015694372,0.089174315,0.14364822,0.13202344,0.9863660531545235
377,-0.8344792143717783,0.06045030119264123,-0.050850347,0.09587901,0.20219684,0.14427535,0.9863660531545235
378,0.13075992215835353,0.7593851030761162,0.024483554,-0.0061689573,0.16157287,0.2548189,0.9863660531545235
379,-0.6206770990596265,0.15516539701154863,-0.01845027,0.06498861,0.117473796,0.13500185,0.9863660531545235
380,0.1816973250810627,0.6707099108583877,-0.0014843891,-0.030732783,0.158018,0.15173326,0.9863660531545235
381,-0.04159453447153618,0.9223094324392593,-0.013060436,-0.0052653123,0.1457671,0.19688259,0.9863660531545235
382,0.544698200750776,0.20981090851830653,0.11079042,0.018525604,0.1779015,0.15196113,0.9863660531545235
383,-0.26360111016962107,0.5382811222776716,0.010108597,0.06931062,0.21825193,0.21307026,0.9863660531545235
384,-0.6887743265033995,0.11657972053320015,-0.06446254,0.040669743,0.18691155,0.11492961,0.9863660531545235
385,0.8114694949264637,0.06731241573117673,0.07218864,-0.058113728,0.17936546,0.13606697,0.9863660531545235
386,-0.08914199065848362,0.8345067280783081,-0.042563703,-0.030487278,0.12066617,0.13484009,0.9863660531545235
387,0.3827080334195039,0.3738873548626389,0.037681546,0.0037692806,0.10130365,0.07320354,0.9863660531545235
388,-0.6524950566825751,0.13600173109762131,-0.1254854,-0.0060400805,0.169621,0.17856734,0.9863660531545235
389,0.28642785458107445,0.5040182301823852,0.044158373,-0.017390179,0.25001583,0.17383416,0.9863660531545235
390,0.49366798504985576,0.2541908766478101,0.02813767,-0.068487756,0.17260319,0.19573702,0.9863660531545235
391,0.263456771078928,0.5385016879981387,-0.020121478,-0.06185992,0.15078387,0.15221754,0.9863660531545235
392,-0.3997610079940218,0.35336936922287054,-0.030776832,0.0471673,0.13527983,0.21160425,0.9863660531545235
393,0.19597287992856394,0.6466488198043873,0.017367529,-0.016970923,0.14821526,0.17846353,0.9863660531545235
394,-0.20832594334289475,0.6261410428424217,0.06957927,0.12923756,0.24218425,0.2916952,0.9863660531545235
395,-0.39569187864599403,0.35819492821731824,-0.103792615,0.01416382,0.33458912,0.25132623,0.9863660531545235
396,0.3345486960000687,0.4359892756999394,-0.0007242064,-0.039943755,0.14207591,0.089695536,0.9863660531545235
397,-0.21884548690232425,0.6089168259897202,-0.063437276,-0.016849147,0.20087947,0.20556161,0.9863660531545235
398,-0.3871100411140911,0.3685167363187011,0.009879506,0.104716875,0.12522261,0.28039208,0.9863660531545235
399,0.19345361197729827,0.6508673546078843,0.045157995,0.02065945,0.0568315,0.14691238,0.9863660531545235
400,0.2852454584430637,0.505762338895217,-0.018951965,-0.081504315,0.18935509,0.22140002,0.9863660531545235
401,0.3721255564221886,0.3870090978972297,0.047678977,-0.03205234,0.18319897,0.21723983,0.9863660531545235
402,0.5773773690507042,0.18470127894539892,0.052335773,-0.057970334,0.21237586,0.1626948,0.9863660531545235
403,-0.3445396484776043,0.422605543796748,-0.042823307,0.09403018,0.23983641,0.44372046,0.9863660531545235
404,-0.4398588042555194,0.30817648452072294,-0.030683786,0.04907889,0.23430419,0.12365065,0.9863660531545235
405,0.3156916844705796,0.46195137280428433,0.05802369,-0.0067625106,0.2054873,0.19087674,0.9863660531545235
406,-0.18710759997601098,0.6615466551984334,-0.020514391,0.014404113,0.13529909,0.20024373,0.9863660531545235
407,0.08938244692821208,0.834067248299137,-0.05552698,-0.07477738,0.21151577,0.20294726,0.9863660531545235
408,-0.40861409131810017,0.3430230574043087,-0.054160442,0.044588253,0.20154408,0.2475599,0.9863660531545235
409,0.17580170009424562,0.680755136475901,0.06732994,0.014176603,0.3639956,0.23362124,0.9863660531545235
410,0.3758513119082091,0.38235542882546303,0.040464625,-0.009748355,0.08508631,0.14776291,0.9863660531545235
411,0.5198149148190178,0.23064414037894254,0.053735506,-0.025849337,0.16604277,0.1335552,0.9863660531545235
412,-0.4907046611002311,0.2569687124892708,-0.0041169026,0.07520561,0.18384616,0.13433358,0.9863660531545235
413,0.09709328462231305,0.8200043519874414,-0.025531258,-0.044278108,0.21813768,0.16163908,0.9863660531545235
414,0.11350110638591357,0.7902908553550771,0.007276098,-0.0139654875,0.1515363,0.19388533,0.9863660531545235
415,0.21958995358522454,0.6077064544966875,0.017552683,-0.013381923,0.12999414,0.13772361,0.9863660531545235
416,0.09329185356661858,0.8269299219267325,0.052709952,0.027434614,0.30859804,0.22475825,0.9863660531545235
417,0.24859938017165895,0.5614623394157093,-0.0469785,-0.08123321,0.10835302,0.14423023,0.9863660531545235
418,-0.0513164102542583,0.9042354915217138,-0.035453174,-0.026196314,0.11681498,0.19884063,0.9863660531545235
419,-0.2709312725982597,0.5271436686273465,-0.09548031,-0.040695377,0.22623302,0.1710595,0.9863660531545235
420,0.27747321728447755,0.517310987999217,0.007797185,-0.040369406,0.2110705,0.13215658,0.9863660531545235
421,0.25071161146474835,0.5581674259670306,0.072887495,0.02803866,0.13644063,0.18911394,0.9863660531545235
422,0.09255473758939096,0.8282745132466175,0.011098232,-0.022417272,0.3687792,0.33274865,0.9863660531545235
423,-0.11872917119807606,0.7808888871944388,-0.019406315,-0.0015038848,0.16127306,0.13319291,0.9863660531545235
424,-0.10685417627027222,0.8022915751695394,-0.040885605,-0.019203281,0.18871063,0.1975406,0.9863660531545235
425,-0.07543760696621245,0.8596411318084842,-0.054177966,-0.03892619,0.2334639,0.16506894,0.9863660531545235
426,-0.06923931354934919,0.8710609252638759,0.00766884,0.02192256,0.19030267,0.20106427,0.9863660531545235
427,0.17475026515756034,0.6825530662322284,0.045686293,-0.005636728,0.34042752,0.23869249,0.9863660531545235
428,-0.39577549883274954,0.35809530982408133,-0.0067028007,0.061242178,0.1782803,0.15542205,0.9863660531545235
429,-0.18318232591965733,0.668189496520535,-0.033730894,0.016815118,0.29804978,0.24159925,0.9863660531545235
430,-0.008276120006564214,0.9845166302972403,-0.059668653,-0.057574973,0.19356179,0.2671782,0.9989613008958841
431,0.44742154625257125,0.30013125713641775,0.0038578594,-0.06735589,0.15225597,0.15246823,0.9863660531545235
432,0.3288531291796898,0.44373467900509234,0.08004752,-0.015561819,0.29809463,0.2658139,0.9863660531545235
433,0.16707902806395192,0.6957284702517819,-0.028088149,-0.051288065,0.17612234,0.098322496,0.9863660531545235
434,-0.5424085483926251,0.21166497911416476,-0.033051036,0.046842534,0.20454891,0.08195112,0.9863660531545235
435,0.3981953093995286,0.3552208923709408,0.08531237,0.018823551,0.183617,0.14374523,0.9863660531545235
436,0.10902718603272411,0.7983626521658941,0.0856679,0.045224465,0.2971816,0.3857809,0.9863660531545235
437,0.035704551604657006,0.9332810626876714,0.065113924,0.058543745,0.14725922,0.19144839,0.9863660531545235
438,-0.5399720474624508,0.21365184871067527,-0.001571801,0.14470771,0.27085772,0.2522246,0.9863660531545235
439,0.037020127657045356,0.9308292022944802,0.026663681,0.020398732,0.17569047,0.15324399,0.9863660531545235
440,-0.31355707034539165,0.46494745017338013,0.020110121,0.0723116,0.121199735,0.17842837,0.9863660531545235
441,-0.0995420544178255,0.8155510035796718,-0.036139235,-0.010140305,0.25963044,0.2441475,0.9863660531545235
442,-0.1427330906925758,0.7381799418170572,-0.0724635,-0.036394894,0.2391792,0.24358386,0.9863660531545235
443,-0.7460373079175515,0.0906919035217635,-0.054182902,0.049805682,0.10208887,0.14913945,0.9863660531545235
444,-0.1509903746695834,0.7236777924636174,-0.0017798477,0.02544982,0.18501447,0.16480805,0.9863660531545235
445,0.10564298767085784,0.8044837981740458,0.06481669,0.036853854,0.27889675,0.23682743,0.9863660531545235
446,-0.27510680993243614,0.520855998440601,-0.054430973,0.004094388,0.1572137,0.2270401,0.9863660531545235
447,-0.3263312562321583,0.4471908733895513,-0.089610346,-0.027666967,0.11272464,0.21265204,0.9863660531545235
448,-0.8441625794245513,0.05775270154311939,-0.13791052,0.045290563,0.07518267,0.25629246,0.9863660531545235
449,0.4801620856829383,0.2670339245927395,0.06382919,0.011520944,0.120982066,0.09286488,0.9863660531545235
450,0.09289807677541138,0.8276481523183468,-0.01733055,-0.041486766,0.18713379,0.2795667,0.9863660531545235
451,0.3410269655504144,0.42728149502543733,-0.03271611,-0.1154039,0.17199142,0.26168123,0.9863660531545235
452,0.2790243975370236,0.5149945101141247,0.014760428,-0.028453091,0.10661224,0.16840288,0.9863660531545235
453,-0.03110450515942983,0.941859397664097,-0.0014340183,0.00332641,0.12919794,0.15600865,0.9922469374568265
454,0.25410771421355255,0.5528909180413797,0.047972918,-0.002946788,0.09151768,0.23209529,0.9863660531545235
455,-0.19945857488803614,0.6408320012164364,-0.009363716,0.027546441,0.21966062,0.14585705,0.9863660531545235
456,-0.0019456034502509255,0.9963598391748011,0.031547036,0.031923015,0.17188875,0.19246651,0.9989613008958841
457,-0.629745726931403,0.14949176067914782,-0.03527913,0.07025374,0.21060851,0.12072687,0.9863660531545235
458,-0.02365330964107558,0.9557695154384036,0.004617108,0.008021796,0.1554409,0.12605906,0.9934324485069281
459,0.42001807529273055,0.3300034790863249,0.1474385,0.034989987,0.22632194,0.27274764,0.9863660531545235
460,-0.752635211557848,0.08805267947988513,-0.13513663,0.0032089213,0.20564124,0.1555076,0.9863660531545235
461,0.13970437738171249,0.7435246410735257,0.070873365,0.01926111,0.38857922,0.33103177,0.9863660531545235
462,0.6346866156783164,0.14647249002894785,0.12784508,0.001638867,0.23235822,0.15999569,0.9863660531545235
463,0.20791217608240295,0.62682309273788,0.019643746,-0.022405026,0.16209735,0.21029642,0.9863660531545235
464,-0.5644114273911077,0.1943646663742966,-0.01580105,0.03858135,0.08565793,0.0959888,0.9863660531545235
465,-0.24485742498755733,0.5673241264026077,0.122059,0.22679463,0.4147712,0.4063546,0.9863660531545235
466,-0.3832706547543001,0.37319804893368225,-0.007858884,0.049507227,0.14798707,0.14041772,0.9863660531545235
467,0.1449702120626189,0.7342407894350789,0.111236066,0.07583439,0.27390528,0.20602898,0.9863660531545235
468,-0.3693933560103449,0.39044513731109887,0.012459919,0.07057026,0.14703491,0.15272377,0.9863660531545235
469,0.1504049844309903,0.7247024953144419,0.046743903,0.008850378,0.25388232,0.23328856,0.9863660531545235
470,0.6854090405879318,0.11827771198800298,0.16000797,-0.033299066,0.3176848,0.23686959,0.9863660531545235
471,-0.22253216454555522,0.6029341797828274,-0.100463934,-0.05163843,0.18016973,0.22611709,0.9863660531545235
472,-0.5541343286589153,0.20230237240764495,-0.06669924,0.05064339,0.21423607,0.19552359,0.9863660531545235
473,-0.40020848139898774,0.3528414029387068,0.021394555,0.16093417,0.25522783,0.373117,0.9863660531545235
474,0.016427836472766036,0.9692720658871214,0.028366148,0.025157006,0.1412129,0.20977245,0.9949564812269216
475,0.36309939709378697,0.39843562937827004,0.055011053,-0.015505881,0.21909733,0.16283707,0.9863660531545235
476,0.0023197239573508944,0.9956598787073295,-0.044452656,-0.045245953,0.1900617,0.38710728,0.9989613008958841
477,0.2794318553501393,0.5143869776903158,-0.008275334,-0.05236886,0.118596174,0.16757339,0.9863660531545235
478,0.088434498972381,0.8358001255272302,-0.036904767,-0.05374973,0.10297949,0.21645184,0.9863660531545235
479,-0.006949924186451295,0.986997485326105,0.043489352,0.044932473,0.2536926,0.15691367,0.9989613008958841
480,-1.180310518100693,0.010450927193070588,-0.08189542,0.06696285,0.15695764,0.092449844,0.9863660531545235
481,-0.7826637373715147,0.07686193225364119,-0.06562904,0.04180874,0.11050873,0.142513,0.9863660531545235
482,0.1280672036335307,0.7641815217963686,0.05850033,0.046352383,0.08542924,0.09390255,0.9863660531545235
483,-0.055312075262791714,0.896821927210032,0.16415787,0.1979916,0.6529278,0.5412783,0.9863660531545235
484,0.3922882599386241,0.3622651534079293,0.024393685,-0.04435076,0.22116673,0.12526341,0.9863660531545235
485,-0.12865205176331296,0.7631389258985424,-0.009780122,0.0112687,0.105567835,0.18048145,0.9863660531545235
486,-0.3178991542688431,0.45886518597032844,-0.04104549,0.039886255,0.26663733,0.2289129,0.9863660531545235
487,-0.26962551068319407,0.5291184034451184,-0.05404537,0.0012967534,0.17232944,0.2096949,0.9863660531545235
488,-0.45410099871643395,0.29315116878729564,-0.123416215,0.028883362,0.37592226,0.28317252,0.9863660531545235
489,-0.34211538475809583,0.42582920667396473,-0.043574527,0.031038756,0.25219792,0.17776291,0.9863660531545235
490,-0.14117274487176718,0.7409317787592045,-0.07293233,-0.044511195,0.16087845,0.20956026,0.9863660531545235
491,-0.20911126738942037,0.6248474535386374,-0.051560614,-0.007163459,0.19402598,0.2086273,0.9863660531545235
492,-0.24029944296002045,0.5745062916604917,0.06553058,0.1286985,0.25635505,0.24883355,0.9863660531545235
493,0.5310855638496192,0.2210204082412171,0.02397373,-0.12545103,0.2364837,0.2873141,0.9863660531545235
494,0.4823700860426466,0.26490222603446933,0.045075264,-0.04481871,0.12215645,0.20489876,0.9863660531545235
495,0.17188246788202388,0.6874667009798658,0.03309506,-0.0070000845,0.14703466,0.25852945,0.9863660531545235
496,-0.9597342007186143,0.03292029762139626,-0.08395398,0.053950835,0.15109397,0.1287813,0.9863660531545235
497,0.10201124364562303,0.8110669684277528,-0.026709685,-0.044716015,0.1599496,0.1742024,0.9863660531545235
498,-0.3477960962489053,0.41829942156347677,-0.07153618,-0.031644933,0.13140266,0.0945234,0.9863660531545235
499,0.43165029439521957,0.31707999869991066,0.0068397224,-0.04205064,0.091914915,0.11724508,0.9863660531545235
500,0.49421703112198123,0.25367866460562755,0.0892314,-0.0026031076,0.18640397,0.17260875,0.9863660531545235
501,-0.17096837252588254,0.6890358843473885,-0.011414909,0.009957927,0.07373296,0.14020903,0.9863660531545235
502,0.12989873563719412,0.7609180304897101,-0.0055539543,-0.030699857,0.11641937,0.21640033,0.9863660531545235
503,0.3489394903406747,0.41679404023675537,0.030059338,-0.043204416,0.16722885,0.21880768,0.9863660531545235
504,0.04451617736171448,0.9168728319153298,0.0029148061,-0.007153499,0.22519723,0.21118034,0.9863660531545235
505,-0.8616503647596409,0.05315090381037959,0.012294652,0.15136233,0.15257147,0.15568654,0.9863660531545235
506,0.0072217143397600506,0.9864890476810592,-0.032242343,-0.03365766,0.20422965,0.17693634,0.9989613008958841
507,-0.01564215751046169,0.9707409392979511,-0.023960404,-0.02191293,0.13187344,0.12122131,0.9949564812269216
508,0.14930492436700937,0.7266295337552134,-0.061550617,-0.100270934,0.2973566,0.21351632,0.9863660531545235
509,-0.0831769133533445,0.8454264024706895,-0.036157556,-0.007397765,0.3648854,0.30896884,0.9863660531545235
510,0.9174291957277821,0.040584696258823404,0.10561432,-0.027266342,0.15180545,0.13016072,0.9863660531545235
511,-0.16859602472403223,0.6931150490265323,-0.1317103,-0.0984162,0.15211187,0.20812003,0.9863660531545235
512,-0.14278661462116177,0.7380856063510491,0.010963364,0.03393153,0.16215788,0.14890487,0.9863660531545235
513,0.4940127730891833,0.2538691354504501,0.024783965,-0.11115392,0.16584162,0.30749375,0.9863660531545235
514,0.09586342473369003,0.8222433419740489,-0.011429416,-0.03447071,0.28063065,0.19359307,0.9863660531545235
515,0.30180249955222166,0.4816515110045898,0.018471876,-0.044779427,0.25388634,0.16045442,0.9863660531545235
516,0.32430570953860366,0.44997867317524876,-0.023127075,-0.057078622,0.08371263,0.108949356,0.9863660531545235
517,-0.1995348271327366,0.6407050155234808,-0.10255618,-0.04785121,0.25411704,0.2673889,0.9863660531545235
518,0.07333948960300689,0.8635033419403446,0.0072733825,-0.012714616,0.3097004,0.22670053,0.9863660531545235
519,0.15078244082054815,0.7240417114461244,0.008767347,-0.020451456,0.22521982,0.1569734,0.9863660531545235
520,-0.7325868353702246,0.09628335513041039,-0.09678422,0.10569598,0.25889125,0.26800475,0.9863660531545235
521,-0.012977362389759146,0.9757236937035042,-0.0123828435,-0.009353378,0.2243001,0.223025,0.9978106481548484
522,0.34787079064589327,0.41820097679256085,0.006938864,-0.033626888,0.14006951,0.090401456,0.9863660531545235
523,-0.041687746773668974,0.9221359201713694,-0.058008227,-0.0502246,0.1668041,0.1855699,0.9863660531545235
524,0.2724422160546072,0.524863659597675,0.06930779,0.023992313,0.17796451,0.14688015,0.9863660531545235
525,-0.3308061791697171,0.4410693018346771,-0.07483769,-0.030347208,0.16483063,0.10113048,0.9863660531545235
526,0.3546644893480503,0.4093080837649685,0.08558467,0.005263522,0.2399237,0.20170738,0.9863660531545235
527,0.07964302984924075,0.8519106982526672,-0.0033730036,-0.014910978,0.12274524,0.14745182,0.9863660531545235
528,0.3605500503875645,0.4017019263481597,0.022988971,-0.03157555,0.12235124,0.1568724,0.9863660531545235
529,-0.12528713178922557,0.7691437085312822,-0.017048791,0.0047807754,0.14510441,0.17858419,0.9863660531545235
530,-0.04964843602828591,0.9073329360755633,0.059331402,0.07405521,0.2501146,0.3024185,0.9863660531545235
531,0.6974919647852313,0.1122761214783588,0.06936051,-0.028918272,0.12579972,0.14008354,0.9863660531545235
532,-0.6936882970566783,0.11413711706747615,-0.07343677,0.042570457,0.13893537,0.17156927,0.9863660531545235
533,-0.23887372291865144,0.5767622719661538,-0.0864675,-0.03672804,0.19602071,0.20133726,0.9863660531545235
534,0.5581210812196936,0.19919362883967587,0.04229704,-0.065325856,0.15498443,0.2003097,0.9863660531545235
535,0.022731938496184406,0.9574906532086525,-0.041896224,-0.04488803,0.14684524,0.11165687,0.9934324485069281
536,-1.2242422124069974,0.008238077741167438,-0.11987887,0.020408396,0.13057977,0.09501754,0.9863660531545235
537,-0.16163309189747166,0.705142200957669,-0.012367113,0.024919448,0.26727948,0.18758325,0.9863660531545235
538,0.2736635900719413,0.5230245718387467,0.051263835,0.012153284,0.11395143,0.14887963,0.9863660531545235
539,-0.3606423250507602,0.40158341537900444,-0.005460822,0.08622864,0.20457754,0.26398993,0.9863660531545235
540,0.4812114698341209,0.26601923557698426,0.06524774,-0.017855072,0.21017781,0.13128744,0.9863660531545235
541,-0.043725686980709964,0.9183433803176936,0.035702944,0.042452887,0.17803523,0.12622587,0.9863660531545235
542,0.31721431191981564,0.45982131636523527,-0.005593141,-0.12436032,0.3385619,0.36989653,0.9863660531545235
543,-0.8836153926329275,0.0478364332502424,-0.08421976,0.042934023,0.14555743,0.13288763,0.9863660531545235
544,-0.478347187325602,0.2687955234263888,-0.40516415,-0.0027064362,0.9459167,0.7080647,0.9863660531545235
545,0.3707536583199804,0.3887319235855401,0.029692225,-0.023824729,0.08921058,0.16057451,0.9863660531545235
546,-0.23398897269736021,0.5845253026312396,-0.008597683,0.052064072,0.25227758,0.24574271,0.9863660531545235
547,-0.01750573538184297,0.9672570513495831,0.006008165,0.008407796,0.14981893,0.1187069,0.9949564812269216
548,0.26860014406789495,0.5306719112720424,-0.0039821235,-0.054231074,0.12743697,0.20392668,0.9863660531545235
549,0.06629411475892333,0.8764974406693724,-0.021733373,-0.03731842,0.23004013,0.22205237,0.9863660531545235
550,0.28804943029889907,0.5016318314952479,0.025277995,-0.016138235,0.08630659,0.16078354,0.9863660531545235
551,0.157210840797529,0.7128221782043724,0.047659267,0.014273521,0.2192737,0.19311951,0.9863660531545235
552,-0.008707697887752287,0.9837093305077406,-0.0023875402,-0.00059485633,0.21038099,0.18869798,0.9989613008958841
553,0.6096583630126152,0.16229292895699415,0.10490277,0.022226123,0.14912584,0.11674572,0.9863660531545235
554,0.200117112182899,0.6397356804275367,0.06500188,0.011278154,0.21863827,0.27753076,0.9863660531545235
555,-0.5114441168301801,0.23799550256489121,0.0092914365,0.12453749,0.16043957,0.24295369,0.9863660531545235
556,-0.09551659378083854,0.8228750364267337,-0.0375079,-0.0075406153,0.32287782,0.28603697,0.9863660531545235
557,0.37479639647767893,0.3836693407225511,0.04793175,-0.014838632,0.18191065,0.1458896,0.9863660531545235
558,-0.056360469881656355,0.8948783006925395,0.018604768,0.029921412,0.1782816,0.20015173,0.9863660531545235
559,-0.27548969601166223,0.5202815011246913,-0.12729438,-0.07042785,0.20029823,0.1960147,0.9863660531545235
560,0.3244674231504052,0.4497557084861956,-0.007665104,-0.040153585,0.09253675,0.097808965,0.9863660531545235
561,-0.4300969733579657,0.31878493695308313,-0.083537124,0.03568872,0.313275,0.23198985,0.9863660531545235
562,-0.1976642477496454,0.6438234091790704,0.007358516,0.035443164,0.17260507,0.108317934,0.9863660531545235
563,0.23603890489753163,0.5812611528895172,-0.049736544,-0.10861922,0.21476124,0.2521883,0.9863660531545235
564,0.14589892779180566,0.7326076950563711,0.033026405,0.00029954017,0.1547323,0.24378535,0.9863660531545235
565,-0.30650691271885827,0.47492459861033554,-0.06599294,0.053050112,0.3556141,0.3812621,0.9863660531545235
566,-0.4318903324968022,0.3168170979308955,0.035330568,0.106286995,0.20406812,0.12083921,0.9863660531545235
567,0.2613688784425312,0.5416976944976675,0.14715756,0.06396025,0.2693062,0.3241798,0.9863660531545235
568,0.30044487558411453,0.48360305076586385,0.056007344,0.008727417,0.1846416,0.12595749,0.9863660531545235
569,-0.8392053670486264,0.05912003411931522,-0.08091351,0.15680622,0.28370774,0.26342377,0.9863660531545235
570,-0.8884789919141602,0.046726220713016894,-0.0549639,0.04796481,0.08413936,0.12424249,0.9863660531545235
571,0.3443156971339712,0.42290269818329596,0.05259116,-0.073258564,0.20133694,0.41426766,0.9863660531545235
572,-0.7044168892408889,0.10895366913950914,-0.13401322,-0.037169136,0.14403786,0.12358578,0.9863660531545235
573,0.12599210061063476,0.7678844339869018,0.03643222,0.011823435,0.16154392,0.20073707,0.9863660531545235
574,-0.20097514745289535,0.6383085212610531,0.025571939,0.07563087,0.23307124,0.2416611,0.9863660531545235
575,-0.14716170333111583,0.730389237003958,0.03266736,0.07016,0.25099573,0.23958299,0.9863660531545235
576,-0.02320722898822406,0.9566027750938492,-0.01078148,-0.0080296,0.08476188,0.12771796,0.9934324485069281
577,0.24681523388268334,0.5642533032692475,0.1374789,0.06653549,0.33731312,0.23001422,0.9863660531545235
578,0.015162795359874777,0.9716371886981656,0.024944931,0.023176335,0.07860164,0.12746407,0.9949564812269216
579,0.06599281319161443,0.8770539706438714,-0.051919654,-0.081492394,0.3570029,0.46696228,0.9863660531545235
580,-0.14278047501139401,0.7380964260470573,0.061473474,0.09493156,0.24424408,0.21152773,0.9863660531545235
581,0.16053424434003222,0.7070475716282577,0.07351702,0.04168433,0.17849757,0.19634715,0.9863660531545235
582,-0.610257572205626,0.16189865162593767,-0.06504021,-0.0022243718,0.056315046,0.11677712,0.9863660531545235
583,-0.11093752092801296,0.7949131741065233,-0.039639585,-0.018393314,0.11989421,0.21253233,0.9863660531545235
584,0.42162235503725537,0.3281997196448657,0.08959224,-0.017445575,0.283777,0.21496503,0.9863660531545235
585,-0.07464168378125803,0.8611058505176482,0.037889436,0.04821857,0.14971726,0.12098459,0.9863660531545235
586,0.13379039192152925,0.7539988821791439,0.026449515,-0.0026912808,0.20920068,0.20813705,0.9863660531545235
587,1.3179622118506704,0.004918728032763266,0.058670137,-0.06355877,0.078109995,0.09462502,0.926338993239612
588,-0.37317897980602854,0.38568958286992916,-0.040889006,0.0367199,0.15365942,0.22196169,0.9863660531545235
589,0.3686640478781931,0.3913656602773501,0.038794372,-0.03666296,0.18137777,0.20421633,0.9863660531545235
590,-0.18501202246015314,0.6650895560018432,-0.053201273,-0.017010313,0.17527157,0.19413847,0.9863660531545235
591,-0.2659150765478518,0.534751672586409,0.02453547,0.07496944,0.19953172,0.16991374,0.9863660531545235
592,-0.10070723673188553,0.813434221407212,0.006175023,0.027143944,0.19877642,0.19969694,0.9863660531545235
593,0.3418188901238041,0.4262245159709315,0.08741828,0.012970584,0.237201,0.18924743,0.9863660531545235
594,0.23510786501305858,0.5827425391844971,0.076419085,0.028568173,0.21787544,0.17964564,0.9863660531545235
595,-0.04885896877554016,0.9087995139214611,-0.073929936,-0.055066895,0.34581605,0.38321647,0.9863660531545235
596,-0.3617139889132574,0.4002085448494166,-0.029800134,0.015792998,0.14043723,0.10709238,0.9863660531545235
597,0.00010093273004723915,0.9998111574429649,0.0438557,0.04384111,0.14902052,0.13164447,0.9999195356072432
598,-0.0022828732058407255,0.9957288243809735,-0.006297052,-0.005790506,0.22625117,0.20370957,0.9989613008958841
599,0.35177455498336935,0.4130761904719583,0.093771175,0.0041552703,0.20730095,0.26344207,0.9863660531545235
600,0.06490749577157326,0.8790591667238785,0.015869489,0.0024624427,0.21588199,0.18604568,0.9863660531545235
601,-0.3066359535007747,0.47474086927528736,-0.08075457,0.056041703,0.31890872,0.48049778,0.9863660531545235
602,0.1800210989139835,0.673559647919806,0.0011760691,-0.047656164,0.30221823,0.23047224,0.9863660531545235
603,0.2546243975028653,0.5520904477280122,-0.02797295,-0.09979631,0.32524672,0.23070888,0.9863660531545235
604,0.3715409569192711,0.3877426247008062,0.0078065908,-0.059759926,0.1995232,0.15690343,0.9863660531545235
605,-0.2967267580333661,0.4889711643926118,-0.014356713,0.026648939,0.12652773,0.13566114,0.9863660531545235
606,0.3060211637253032,0.47561661759030405,0.16527821,0.08365679,0.33139664,0.1960673,0.9863660531545235
607,0.0734899140087376,0.8632263248603944,0.024418527,0.009545545,0.20780674,0.18482915,0.9863660531545235
608,-0.07461246704450741,0.8611596255213039,0.013317297,0.025339212,0.1491302,0.15726575,0.9863660531545235
609,-0.8348379035983968,0.060348419065661935,-0.07737004,0.056145974,0.11913942,0.17028657,0.9863660531545235
610,0.49479478256266896,0.25314049400871086,0.07758192,-0.00375188,0.19054814,0.13358435,0.9863660531545235
611,0.7227717817165332,0.10054737130888722,0.089674175,-0.029316178,0.17350262,0.14727362,0.9863660531545235
612,0.38312336419865567,0.3733784278448101,0.029170046,-0.06804044,0.25001007,0.23858023,0.9863660531545235
613,-0.14753353815722559,0.729736446642248,-0.015920324,0.007623898,0.17572986,0.13719991,0.9863660531545235
614,-0.09827794132963444,0.8178491446699001,0.025204651,0.03812414,0.13979238,0.116708554,0.9863660531545235
615,0.10124693454705874,0.8124542461738276,-0.021145053,-0.03461523,0.14728075,0.11377872,0.9863660531545235
616,0.2127759767227825,0.6188273400481049,0.05551812,0.019313265,0.15991306,0.1646833,0.9863660531545235
617,-0.5323751434311982,0.21993917469158067,-0.06588623,0.03520934,0.1744989,0.18606032,0.9863660531545235
618,-0.15101684172162338,0.7236314757802642,-0.041006994,-0.0032088936,0.24364147,0.23719868,0.9863660531545235
619,-0.18113864881061162,0.6716591533847962,0.011162652,0.09075458,0.48929885,0.37352642,0.9863660531545235
620,-0.2781486613122602,0.5163015967493838,-0.054913096,-0.016545882,0.15995766,0.11204531,0.9863660531545235
621,0.2832535935273845,0.5087081339551174,0.05346099,-0.033167496,0.22385375,0.32728767,0.9863660531545235
622,0.1640206416774427,0.7010090747903932,0.033636324,0.0039043298,0.18763295,0.16452709,0.9863660531545235
623,0.31404170028916006,0.4642662351331803,0.015024967,-0.036593296,0.14825614,0.1625932,0.9863660531545235
624,0.5801969588824148,0.18265099485103667,0.009735886,-0.14236632,0.20359524,0.27554908,0.9863660531545235
625,0.6287455904132836,0.15010905667751875,0.080908194,-0.021895757,0.15635642,0.15665883,0.9863660531545235
626,-0.13313037612008893,0.7551708865843811,0.04009901,0.073871024,0.22992988,0.2503233,0.9863660531545235
627,-0.2809497966792431,0.512127198845642,-0.0026904244,0.05879155,0.10800591,0.2514725,0.9863660531545235
628,-0.12001590345662547,0.77858005222307,0.0067888927,0.039699804,0.23434104,0.27810058,0.9863660531545235
629,-1.292607416534162,0.005660854240670191,-0.11645958,0.05132741,0.10303675,0.13543427,0.926338993239612
630,-0.5396183692243458,0.21394144460211434,-0.08959464,-0.00090484816,0.16073905,0.15529627,0.9863660531545235
631,-0.7172914171151437,0.10299751653191881,-0.103705436,0.03199083,0.17013477,0.18740976,0.9863660531545235
632,0.95943999354467,0.03296869202183797,0.09754587,-0.06414156,0.1510816,0.16720587,0.9863660531545235
633,-0.13470590105728317,0.7523742006721585,-0.04534166,-0.016036006,0.27834725,0.15142627,0.9863660531545235
634,0.3680236612297777,0.3921751052766297,0.021435788,-0.049795877,0.10078832,0.22101983,0.9863660531545235
635,0.2836985265472091,0.508049286587661,0.058992904,-0.0038625668,0.17716826,0.2305689,0.9863660531545235
636,0.13795350444168208,0.7466204290489358,0.0050881836,-0.032771233,0.3285415,0.21377213,0.9863660531545235
637,-0.04000307334794571,0.9252724798187653,-0.029764183,-0.019235509,0.30624527,0.21290354,0.9863660531545235
638,0.05769422131635587,0.8924066235872161,0.12656108,0.11530984,0.18861191,0.18556362,0.9863660531545235
639,-0.5449856095731718,0.20957906176756008,-0.046004068,0.029910572,0.0989925,0.15026249,0.9863660531545235
640,-0.7540078621339813,0.0875119944482307,-0.035486117,0.060882997,0.10516952,0.13161266,0.9863660531545235
641,-0.3325294595483536,0.43872566462122975,0.0048046974,0.082713805,0.14325151,0.26114553,0.9863660531545235
642,0.5012486544280086,0.24718655564528136,-0.007151643,-0.048750028,0.089165285,0.07301402,0.9863660531545235
643,0.9008038118548006,0.04401590520445824,0.061871335,-0.15672792,0.14332446,0.27211383,0.9863660531545235
644,-0.25213969527292646,0.5559454290204466,0.050031915,0.10513905,0.22687453,0.19792897,0.9863660531545235
645,0.2640534895123565,0.537590129931312,-0.09488328,-0.15101938,0.15679416,0.22701746,0.9863660531545235
646,0.15990973525034616,0.7081313292433804,-0.032501135,-0.05468268,0.15493773,0.11754621,0.9863660531545235
647,-0.48172196853666827,0.26552664108228946,-0.06639694,0.0041790246,0.19058628,0.098424494,0.9863660531545235
648,0.03513621323768736,0.9343404936941258,-0.02797906,-0.03196031,0.08335322,0.12108582,0.9863660531545235
649,0.23467335598198544,0.5834345215832317,0.02708765,-0.016813716,0.1213037,0.20615505,0.9863660531545235
650,-0.2933609882224374,0.4938600408737063,-0.041826278,0.020941028,0.21091284,0.20112526,0.9863660531545235
651,-0.4712369465317924,0.27577912248312775,-0.054230142,0.07982854,0.2295425,0.29509988,0.9863660531545235
652,-0.14214352238282302,0.7392192811159422,-0.17615551,-0.109161414,0.32415587,0.5125946,0.9863660531545235
653,-0.39414741097568334,0.36003804901240133,0.048497703,0.14237516,0.18712391,0.24938591,0.9863660531545235
654,0.7160825017531282,0.10354478222251122,0.08634058,-0.012936089,0.06531608,0.16009554,0.9863660531545235
655,-0.28628276809025444,0.5042320654990817,-0.063771844,-0.010396803,0.21881124,0.14918129,0.9863660531545235
656,-0.3482504792476544,0.4177007767597748,0.015415583,0.08063944,0.09740464,0.21390302,0.9863660531545235
657,-0.44433565407642117,0.3033957645477463,-0.01100262,0.0464736,0.11913389,0.12658943,0.9863660531545235
658,0.4900644369953035,0.2575718151317675,0.003737877,-0.07885888,0.19851518,0.13423145,0.9863660531545235
659,0.17436655686771224,0.683209679706609,0.029303823,-0.014001417,0.21486473,0.25053146,0.9863660531545235
660,-0.09321959766894132,0.8270617019530954,-0.04323458,-0.0173761,0.16946991,0.30923054,0.9863660531545235
661,0.5471662301530055,0.2078265045164966,0.020041995,-0.108376615,0.17992413,0.24771908,0.9863660531545235
662,1.6131938880253263,0.0009210221380982559,0.15787324,-0.031172158,0.11971171,0.1074379,0.7073450020594606
663,0.7791558750243982,0.07810199659740885,0.06630239,-0.054808296,0.15890908,0.14242536,0.9863660531545235
664,-0.13146727222767288,0.7581267561735264,-0.06260772,-0.042962287,0.11593806,0.1571166,0.9863660531545235
665,-0.07562366305582216,0.8592988106800866,0.049602106,0.064967304,0.14941262,0.21714622,0.9863660531545235
666,0.14362836081295574,0.7366026486820791,-0.013539261,-0.0516774,0.26778868,0.2457342,0.9863660531545235
667,-0.23288308589499113,0.5862900121329846,0.045201547,0.09530167,0.23541428,0.18608254,0.9863660531545235
668,-0.10396529134450004,0.807523103936595,0.027831502,0.047384717,0.20372999,0.16424185,0.9863660531545235
669,0.11279270579995727,0.791567368258511,-0.0089401705,-0.025647681,0.15501386,0.13327762,0.9863660531545235
670,-0.21744902090908244,0.6111903238821628,-0.030829586,0.00016429598,0.082527585,0.16034412,0.9863660531545235
671,0.03957774753970607,0.9260645585367471,-0.078048125,-0.09596691,0.5281156,0.36509752,0.9863660531545235
672,0.004861093858114511,0.9909052282225002,-0.012180779,-0.012909879,0.15851934,0.13385499,0.9989613008958841
673,0.10315667379501228,0.8089891070846106,-0.060474396,-0.08347942,0.18295823,0.22990982,0.9863660531545235
674,0.23630320054286352,0.5808409707639488,-0.03556294,-0.09444311,0.16373244,0.2738167,0.9863660531545235
675,0.3192570693824564,0.45697287304632617,0.006409049,-0.08615188,0.16470641,0.32711896,0.9863660531545235
676,0.41283446292479814,0.3381643765500084,0.053746656,-0.03811312,0.14758363,0.24402273,0.9863660531545235
677,0.6187018319316506,0.156424093977521,0.05034608,-0.05709783,0.17643245,0.1598578,0.9863660531545235
678,-0.21151148300059217,0.6209014940955672,0.024304695,0.055506453,0.09851322,0.16153654,0.9863660531545235
679,-0.19553685802623919,0.6473780779288125,-0.05255731,-0.017497234,0.17951463,0.16678329,0.9863660531545235
680,-0.41958853346101954,0.33048760297380864,-0.01689614,0.04838724,0.124060094,0.16208163,0.9863660531545235
681,-0.5679312764983805,0.191702898204768,-0.036774356,0.029084053,0.14250459,0.086821556,0.9863660531545235
682,-0.315453459462616,0.46228518420162346,-0.08119955,-0.02379471,0.16681795,0.17852709,0.9863660531545235
683,-0.620280182755386,0.15541766071064178,-0.060513955,0.022109265,0.17546217,0.086896285,0.9863660531545235
684,-0.2987477017469621,0.48604912490184116,0.014126597,0.07209898,0.14591943,0.20604168,0.9863660531545235
685,-0.12483651594369413,0.769948979154782,0.046385024,0.062080722,0.12239591,0.11914978,0.9863660531545235
686,-0.3581447390554204,0.40479940339817744,-0.11279641,0.01791797,0.32378536,0.36396325,0.9863660531545235
687,-0.4171164070808641,0.3332833612904904,-0.07921564,-0.016797267,0.15411526,0.13635252,0.9863660531545235
688,0.425725809904947,0.32361719326967897,-0.04246853,-0.11912408,0.18011838,0.16758674,0.9863660531545235
689,-0.3097098386899783,0.4703764033093395,0.003565328,0.08487128,0.25025612,0.25199863,0.9863660531545235
690,0.7359413886365909,0.09486190292957276,0.113668494,-0.013067405,0.21368515,0.12688059,0.9863660531545235
691,0.1287085151364666,0.7630382974754873,-0.016305486,-0.03372695,0.11207783,0.13904776,0.9863660531545235
692,-0.5786441773246125,0.18377786782585878,-0.031455353,0.039558623,0.14168143,0.10022888,0.9863660531545235
693,0.2553967532373114,0.5508950102284171,-0.011417101,-0.05446796,0.1423544,0.17179945,0.9863660531545235
694,0.2753160136588841,0.520542068277259,0.07052686,0.030322911,0.15691678,0.1284597,0.9863660531545235
695,0.025388788566238878,0.9525282174900647,-0.106538184,-0.11288301,0.23510778,0.2417287,0.9934324485069281
696,-0.2927655942477889,0.49472777121845557,0.04024803,0.09929831,0.23595385,0.16205746,0.9863660531545235
697,0.04736045383104121,0.9115841848437134,0.035081048,0.027024312,0.21610156,0.12010092,0.9863660531545235
698,0.6547420683782088,0.1347255374115306,0.04111816,-0.077676214,0.13790843,0.19201685,0.9863660531545235
699,-0.05406917711854836,0.8991270042055157,-0.015975893,-0.0064702937,0.14778136,0.17951863,0.9863660531545235
700,0.19540252469469305,0.6476028235735378,0.035550203,0.0097605735,0.13018373,0.124014415,0.9863660531545235
701,0.7736715452814922,0.08007564713307207,0.18568103,-0.2212631,0.56653845,0.4617335,0.9863660531545235
702,-0.052849070478303076,0.901390695963096,0.11470958,0.1335711,0.33330306,0.34664077,0.9863660531545235
703,-0.31037012068753417,0.4694420267273096,-0.1706974,0.0376137,0.6643681,0.6291718,0.9863660531545235
704,0.06968133536814808,0.8702455571083941,0.11667832,0.07501987,0.51869905,0.6023122,0.9863660531545235
705,-0.31908222876950265,0.4572162628866784,0.026807496,0.08866401,0.1944645,0.18007942,0.9863660531545235
706,0.14222346696412635,0.7390783231432132,-0.07565972,-0.12294949,0.26194543,0.34782624,0.9863660531545235
707,-0.31218919051601746,0.4668734534304627,0.0049476456,0.057446364,0.15006043,0.16722669,0.9863660531545235
708,0.6149989945449807,0.1588059582627423,0.090956695,-0.07450242,0.17312413,0.29694712,0.9863660531545235
709,-0.6637425163142093,0.12971257214101603,-0.055341065,0.08700666,0.1811344,0.21856843,0.9863660531545235
710,-0.10357983388911361,0.8082218375599768,-0.05465842,-0.0304076,0.22059868,0.22626892,0.9863660531545235
711,0.35314300417789585,0.4112891728684642,0.073077686,-0.0174168,0.267317,0.23116152,0.9863660531545235
712,-0.3141530142594533,0.464109853571144,0.029017452,0.074248366,0.18039836,0.10429328,0.9863660531545235
713,-0.32377904681554526,0.4507052447381483,0.008974265,0.07014677,0.13340245,0.20414667,0.9863660531545235
714,0.5745382336242687,0.1867841229519281,0.03226088,-0.03977216,0.13602108,0.10933221,0.9863660531545235
715,0.48095862840003323,0.2662634708742497,0.003987541,-0.13190237,0.2527679,0.28061914,0.9863660531545235
716,-0.26850659012245626,0.5308137726556161,-0.01819713,0.029235618,0.17761716,0.16383222,0.9863660531545235
717,0.369230412062883,0.39065068195016506,-0.023821877,-0.09464249,0.20839557,0.16703525,0.9863660531545235
718,0.6189099703301681,0.15629107886838925,0.10444041,-0.028487947,0.23208858,0.18798345,0.9863660531545235
719,-0.12975109995552447,0.7611809233413073,-0.04330538,-0.0015247434,0.27831197,0.32496312,0.9863660531545235
720,0.07903367828068168,0.8530298904442163,-0.00451683,-0.02360894,0.2106223,0.24284016,0.9863660531545235
721,-0.3266754126241036,0.44671824026281926,-0.0031127308,0.048968673,0.12929288,0.16507265,0.9863660531545235
722,-0.3578141542292287,0.40522630476557586,0.040901136,0.12536138,0.17701845,0.2508332,0.9863660531545235
723,-0.27054108866937343,0.5277333239340187,0.033190593,0.11901958,0.22220998,0.34349594,0.9863660531545235
724,0.4384696456970434,0.3096707110461894,0.050639622,-0.041967798,0.21588226,0.19355088,0.9863660531545235
725,0.1813839567817574,0.6712422886662508,-0.0068396395,-0.0353876,0.16895896,0.13857587,0.9863660531545235
726,-0.15341357571838363,0.7194417366249687,-0.0436068,-0.023763653,0.0830428,0.14282693,0.9863660531545235
727,-0.5015903951298436,0.2468742260312452,-0.06345963,0.031969506,0.17086671,0.18860163,0.9863660531545235
728,-0.15594163839765948,0.7150321540757272,0.00095832016,0.036641844,0.14335129,0.25390345,0.9863660531545235
729,0.6163339077774115,0.15794391686242137,0.1339438,-0.038244598,0.25400722,0.27524945,0.9863660531545235
730,0.3273381442166575,0.44580897980774703,0.019581262,-0.04408959,0.15723477,0.20163567,0.9863660531545235
731,0.12560430882513265,0.7685770589678551,-0.022156924,-0.036171004,0.13348348,0.086989805,0.9863660531545235
732,0.1307593421800281,0.7593861251441347,0.02067543,-0.0070387125,0.22416493,0.18903808,0.9863660531545235
733,-0.02482547686672063,0.9535802065841001,-0.080618896,-0.07317337,0.253755,0.30543432,0.9934324485069281
734,0.39681833995959415,0.3568546338626417,0.052670937,-0.022061337,0.2047379,0.16391678,0.9863660531545235
735,-0.6102992725856901,0.1618712397365981,-0.065034084,0.032592203,0.1955943,0.1207302,0.9863660531545235
736,0.25600691915641116,0.5499515758974192,0.035060205,0.0049261134,0.11191957,0.1131608,0.9863660531545235
737,-0.13118460365995513,0.7586295288302944,0.056104448,0.11662887,0.51652896,0.3900185,0.9863660531545235
738,0.3004804614152788,0.48355183199161444,-0.020345071,-0.12081782,0.18741798,0.37802967,0.9863660531545235
739,-0.28434475213504956,0.507093219287569,-0.0026605262,0.077158935,0.22662403,0.29113317,0.9863660531545235
740,-0.12432700816683381,0.770859812899845,-0.026589282,-0.009419745,0.09776585,0.14911982,0.9863660531545235
741,0.05240030979063657,0.9022235113530062,0.054392707,0.043004315,0.2377005,0.18808505,0.9863660531545235
742,0.044546321437492035,0.9168167613883879,0.017253308,0.0043377974,0.28826395,0.27098563,0.9863660531545235
743,0.052153862262314235,0.9026809187937248,0.0052722823,-0.007438016,0.17263485,0.2631135,0.9863660531545235
744,-0.4134455185981221,0.33746485702322837,-0.043304287,0.028547531,0.08171583,0.20072398,0.9863660531545235
745,0.8749798228074459,0.049866192544377075,0.10340488,-0.021172242,0.14457178,0.1311128,0.9863660531545235
746,-0.6556778745777382,0.1341969733699323,-0.106222846,0.03612352,0.237902,0.18753095,0.9863660531545235
747,-0.029389893842474136,0.9450587728279753,-0.0044437316,0.0032643855,0.22101423,0.26754043,0.9934324485069281
748,-0.3535955348251286,0.41069929878660894,-0.06757968,-0.0015498172,0.12485246,0.2044299,0.9863660531545235
749,0.5150159075231032,0.23483731816425343,0.01770799,-0.072954774,0.18623415,0.15697639,0.9863660531545235
750,-0.13207617235844216,0.7570441057228057,-0.020237777,0.003528169,0.16960388,0.17386682,0.9863660531545235
751,-0.1259342318300434,0.7679877749738014,0.013792598,0.04632675,0.27810636,0.2268934,0.9863660531545235
752,-0.506346651013673,0.2425580560067909,-0.055868354,0.022824513,0.15151681,0.14714041,0.9863660531545235
753,-0.0832957668161783,0.8452085087823358,0.053658508,0.07070174,0.18047754,0.20459643,0.9863660531545235
754,-0.5976004041998693,0.17039291637486764,-0.033887766,0.04432773,0.14593492,0.11111334,0.9863660531545235
755,-0.17485251613225988,0.6823781301794436,-0.028673122,-0.0035320907,0.13550325,0.13894257,0.9863660531545235
756,-0.27643948464899837,0.5188579266570177,-0.04720538,0.0021399877,0.13497323,0.18921518,0.9863660531545235
757,-0.6251172308572873,0.1523660182183122,-0.089056164,0.061181035,0.2964304,0.17886594,0.9863660531545235
758,-0.12423077436765147,0.7710318889523998,-0.047333505,-0.019660365,0.12257925,0.25250918,0.9863660531545235
759,0.15374200767633608,0.7188682927837469,-0.0075473934,-0.030334985,0.14046022,0.14277208,0.9863660531545235
760,-0.017056004255108465,0.9680977485942899,-0.034165908,-0.029321551,0.15091786,0.3234993,0.9949564812269216
761,-0.15395866630462426,0.7184901094389384,0.028547248,0.05750806,0.15533535,0.19344208,0.9863660531545235
762,-0.22789445301756345,0.5942832471688118,-0.036518637,0.0062421053,0.1989176,0.16701882,0.9863660531545235
763,0.12303269245220827,0.7731751371215355,-0.07943621,-0.10794975,0.14695019,0.2565524,0.9863660531545235
764,-0.4848505872411564,0.2625224332852212,0.0021984975,0.05828858,0.109016426,0.11179347,0.9863660531545235
765,-0.2458949409056654,0.56569571616854,-0.069504865,-0.018041058,0.17657493,0.21339469,0.9863660531545235
766,0.05946131814437131,0.8891336115911554,0.06964008,0.056187604,0.22527929,0.21123351,0.9863660531545235
767,0.2752153143533287,0.520693157914498,0.09933265,0.037352517,0.27649707,0.16886574,0.9863660531545235
