feature_idx,effect_size,p_value,pos_mean,neg_mean,pos_std,neg_std,p_value_fdr,effect_size_abs
275,-0.7774125502330208,2.674645934997618e-22,-7.038187e-09,0.961981,1.0,1.3617405,2.0541280780781707e-19,0.7774125502330208
81,0.7582997060271894,2.3501331302186937e-21,1.7595467e-09,-0.75198996,1.0,0.9841826,9.024511220039785e-19,0.7582997060271894
656,0.7346474810536919,3.272551025837777e-20,0.0,-0.91127026,1.0,1.3661535,8.377730626144708e-18,0.7346474810536919
554,0.7200051468229703,1.6191852575783462e-19,0.0,-0.6402529,1.0,0.81057996,2.832134859834206e-17,0.7200051468229703
158,0.7168593190276186,2.2756405971971397e-19,-1.7595466e-08,-0.8949661,1.0,1.3779389,2.832134859834206e-17,0.7168593190276186
88,-0.7159886577471929,2.4999150303739786e-19,0.0,1.2416508,1.0,2.0594351,2.832134859834206e-17,0.7159886577471929
458,0.7156914534422582,2.581372919119719e-19,7.038187e-09,-0.69793016,1.0,0.95715827,2.832134859834206e-17,0.7156914534422582
637,-0.7093258633160375,5.1174943593935e-19,0.0,0.80350196,1.0,1.2055213,4.91279458501776e-17,0.7093258633160375
368,-0.6567426362854625,1.2170237338845445e-16,0.0,0.69371796,1.0,1.0874801,1.0385269195814779e-14,0.6567426362854625
420,-0.6545451820881607,1.5187350483549674e-16,0.0,0.9788345,1.0,1.7304777,1.166388517136615e-14,0.6545451820881607
748,-0.6492945599758665,2.5719964748279793e-16,5.27864e-09,0.6802655,1.0,1.0739409,1.7957211751526255e-14,0.6492945599758665
394,0.6415178394993506,5.577572565251011e-16,0.0,-0.6539826,1.0,1.0290087,3.569646441760647e-14,0.6415178394993506
53,0.638004561143355,7.893363452103776e-16,-2.111456e-08,-0.6170916,1.0,0.94400513,4.480218730979118e-14,0.638004561143355
121,0.6376588795433069,8.167065395014018e-16,0.0,-0.5886162,1.0,0.8696282,4.480218730979118e-14,0.6376588795433069
49,0.6313013146437962,1.5246995648743153e-15,-1.055728e-08,-0.6272929,1.0,0.9873926,7.806461772156494e-14,0.6313013146437962
460,-0.6300745815459318,1.7188901395510805e-15,0.0,0.64747334,1.0,1.0420879,8.250672669845187e-14,0.6300745815459318
170,-0.6292002137219994,1.8720091192732043e-15,0.0,0.9394167,1.0,1.7271105,8.457076491775416e-14,0.6292002137219994
125,-0.625942053758321,2.570644519344657e-15,5.27864e-09,0.81587595,1.0,1.457941,1.0968083282537202e-13,0.625942053758321
129,-0.6165730087452447,6.351876428814355e-15,0.0,0.6888724,1.0,1.1818877,2.5674953143839076e-13,0.6165730087452447
684,0.610697506904253,1.1138727162434257e-14,-1.7595466e-08,-0.73471296,1.0,1.3110366,4.277271230374754e-13,0.610697506904253
108,-0.6079183787705553,1.450637782746032e-14,1.4076374e-08,0.64154124,1.0,1.0859202,5.106081283077688e-13,0.6079183787705553
567,0.607831255713374,1.4626795342149626e-14,0.0,-0.5987755,1.0,0.97344285,5.106081283077688e-13,0.607831255713374
628,0.6050804551667426,1.897900120764046e-14,-7.038187e-09,-0.5831592,1.0,0.9382823,5.995366177683861e-13,0.6050804551667426
466,-0.6049099073909371,1.9287399639098755e-14,1.4076374e-08,0.53373605,1.0,0.7983053,5.995366177683861e-13,0.6049099073909371
357,0.6047851116157562,1.9516165942981318e-14,7.038187e-09,-0.7123819,1.0,1.2735544,5.995366177683861e-13,0.6047851116157562
459,0.6038512865269056,2.131511566623164e-14,-7.038187e-09,-0.6620232,1.0,1.1497654,6.296157242948424e-13,0.6038512865269056
570,0.6012682500830021,2.7186895258308757e-14,0.0,-0.6941024,1.0,1.2382532,7.733161317918935e-13,0.6012682500830021
285,-0.593945859452853,5.394072289958275e-14,2.8152748e-08,0.6729491,1.0,1.2058947,1.4795169709599839e-12,0.593945859452853
86,0.5923851975653057,6.23667579183242e-14,4.3988666e-09,-0.6928963,1.0,1.2612187,1.651643795905965e-12,0.5923851975653057
473,0.58694779757701,1.0316132527702748e-13,2.8152748e-08,-0.61343074,1.0,1.0698689,2.6409299270919035e-12,0.58694779757701
296,-0.5853204499695845,1.198423730482537e-13,-7.038187e-09,0.62233573,1.0,1.0983588,2.9689981451954463e-12,0.5853204499695845
171,-0.584759823740546,1.2618305327236143e-13,1.4076374e-08,0.6117201,1.0,1.0714245,3.0283932785366746e-12,0.584759823740546
345,0.58365565514555,1.396523455313387e-13,-7.038187e-09,-0.69202214,1.0,1.2851444,3.250090950547519e-12,0.58365565514555
433,-0.5808282812963196,1.8093696262478855e-13,-7.038187e-09,0.61743957,1.0,1.0980356,4.087046685171694e-12,0.5808282812963196
678,0.5731274902341552,3.6442597304554426e-13,0.0,-0.63983184,1.0,1.1805524,7.996547065685086e-12,0.5731274902341552
173,0.5727727872324181,3.7630086276968594e-13,7.038187e-09,-0.64338964,1.0,1.1910931,8.027751739086633e-12,0.5727727872324181
227,-0.5700592868847439,4.806559729370074e-13,-2.4633653e-08,0.588199,1.0,1.0487883,9.97685911393572e-12,0.5700592868847439
562,0.5636681645841626,8.522276998381864e-13,1.4076374e-08,-0.60773253,1.0,1.1216532,1.72239703546244e-11,0.5636681645841626
685,-0.5590934690501578,1.279872430515041e-12,0.0,0.57949907,1.0,1.0562189,2.5203641708603883e-11,0.5590934690501578
240,0.5563447581655984,1.6319633755393446e-12,0.0,-0.5444312,1.0,0.9627578,3.1333696810355414e-11,0.5563447581655984
517,-0.5540748183641033,1.9931780700019896e-12,-3.5190935e-09,0.57409096,1.0,1.055628,3.733562823808605e-11,0.5540748183641033
401,-0.5501921053463775,2.801526687280303e-12,-7.038187e-09,0.60305953,1.0,1.1493864,5.1227916567411255e-11,0.5501921053463775
60,0.5420355779222227,5.6907517586042515e-12,-1.4076374e-08,-0.5174616,1.0,0.9231038,1.01639473269955e-10,0.5420355779222227
314,-0.5412458184816971,6.092097972362162e-12,0.0,0.5930456,1.0,1.1487937,1.0633480097213956e-10,0.5412458184816971
14,-0.5378120445102443,8.185290221618612e-12,0.0,0.58607405,1.0,1.1395793,1.3969561978229097e-10,0.5378120445102443
247,0.5373734792640974,8.49899603919355e-12,0.0,-0.57512254,1.0,1.1093098,1.4189628169784013e-10,0.5373734792640974
18,0.5324298333773618,1.2963213495080507e-11,-7.038187e-09,-0.6069897,1.0,1.2165501,2.1182442477067722e-10,0.5324298333773618
623,0.5309601590098073,1.468741347312704e-11,-1.4076374e-08,-0.6874728,1.0,1.4454039,2.3499861557003265e-10,0.5309601590098073
518,-0.5271032858097597,2.035503570030988e-11,-1.4076374e-08,0.5255705,1.0,0.9929866,3.1903402893546916e-10,0.5271032858097597
430,-0.5239298988725335,2.6584810507763793e-11,1.4076374e-08,0.50898856,1.0,0.9510535,4.083426893992518e-10,0.5239298988725335
212,-0.5218970403607857,3.1521689786071957e-11,1.055728e-08,0.5125173,1.0,0.9684076,4.746795638373188e-10,0.5218970403607857
587,0.5186803921224606,4.122598632839149e-11,-1.4076374e-08,-0.6953365,1.0,1.5114309,6.088761057731666e-10,0.5186803921224606
419,0.5133090012284424,6.433718883116924e-11,7.038187e-09,-0.5943591,1.0,1.2435263,9.322822834403391e-10,0.5133090012284424
393,0.5100428110499211,8.417223736494461e-11,-7.038187e-09,-0.5291294,1.0,1.0576844,1.1971162647458789e-09,0.5100428110499211
83,-0.5085700754091347,9.497008208056634e-11,-2.4633653e-08,0.4976067,1.0,0.96252245,1.3261276915977263e-09,0.5085700754091347
723,0.5076765703569004,1.021707968805681e-10,2.9912293e-08,-0.46006417,1.0,0.8404404,1.4011995000763625e-09,0.5076765703569004
261,0.5055722818091193,1.213082856659943e-10,1.4076374e-08,-0.53152895,1.0,1.0796803,1.634469533183923e-09,0.5055722818091193
26,-0.5045068056375925,1.322955996777011e-10,-3.5190935e-09,0.4663517,1.0,0.8718273,1.7517762164219734e-09,0.5045068056375925
68,0.5004252248105769,1.8414955184872726e-10,-1.4076374e-08,-0.61073613,1.0,1.3367333,2.397065352878348e-09,0.5004252248105769
716,-0.500086809525685,1.8924947878868674e-10,5.27864e-09,0.5522051,1.0,1.1619003,2.4223933284951902e-09,0.500086809525685
646,0.49834572919627884,2.177540032753481e-10,1.7595466e-08,-0.54659617,1.0,1.1505153,2.7114600569537435e-09,0.49834572919627884
311,0.49828082361641307,2.1889391084782826e-10,1.4076374e-08,-0.58473074,1.0,1.2669502,2.7114600569537435e-09,0.49828082361641307
417,-0.4975051734920334,2.329797547293252e-10,-2.111456e-08,0.55274975,1.0,1.1723732,2.8401341528908216e-09,0.4975051734920334
89,-0.4965196853250503,2.5216083123361716e-10,0.0,0.55658954,1.0,1.1875725,2.981029683172063e-09,0.4965196853250503
196,0.49651277303071245,2.523006893309689e-10,-7.038187e-09,-0.6034248,1.0,1.3291862,2.981029683172063e-09,0.49651277303071245
280,-0.4961195529581408,2.6038263727293484e-10,3.5190935e-09,0.51656735,1.0,1.0636955,3.029907051903242e-09,0.4961195529581408
681,0.49551191377307297,2.7337231676719976e-10,-1.4076374e-08,-0.78081226,1.0,1.8421346,3.133581183241932e-09,0.49551191377307297
542,-0.4913040227998231,3.8244014255118174e-10,0.0,0.46403363,1.0,0.90603024,4.319323962930993e-09,0.4913040227998231
361,-0.48638815196297863,5.643772657570538e-10,0.0,0.5840306,1.0,1.3075904,6.281764349295903e-09,0.48638815196297863
343,-0.48611920977602613,5.764666027046148e-10,2.111456e-08,0.5158476,1.0,1.095094,6.324662155387774e-09,0.48611920977602613
673,-0.48571927141511506,5.94913740300094e-10,0.0,0.5458504,1.0,1.1918685,6.4351232753587625e-09,0.48571927141511506
229,-0.4851257811911314,6.233566402664887e-10,7.038187e-09,0.44130594,1.0,0.84645957,6.645518811233256e-09,0.4851257811911314
115,0.4849573027573463,6.316704078385777e-10,-2.8152748e-08,-0.5773696,1.0,1.2924323,6.645518811233256e-09,0.4849573027573463
660,-0.4822954335744561,7.783493290526391e-10,-7.038187e-09,0.455006,1.0,0.9042153,8.078003847465226e-09,0.4822954335744561
297,-0.47963689608915705,9.57903410040553e-10,0.0,0.5100385,1.0,1.0985862,9.808930918815263e-09,0.47963689608915705
186,-0.4794546478328254,9.71596117481989e-10,-1.6715694e-08,0.521578,1.0,1.1366698,9.818234450344309e-09,0.4794546478328254
109,0.47757841511779436,1.1241674387851267e-09,-1.4076374e-08,-0.44801724,1.0,0.895228,1.1212475233597108e-08,0.47757841511779436
706,-0.4766383566393424,1.2091747120430106e-09,2.111456e-08,0.43147913,1.0,0.83876497,1.1905720241654257e-08,0.4766383566393424
586,-0.4764028969949077,1.2314312466542874e-09,1.055728e-08,0.59940696,1.0,1.3921887,1.1971382245955605e-08,0.4764028969949077
676,0.47112063677867616,1.8502835122146715e-09,0.0,-0.4460096,1.0,0.9097446,1.7762721717260845e-08,0.47112063677867616
143,-0.468619533590734,2.2406727354350273e-09,-6.5983e-09,0.51368016,1.0,1.1494899,2.1244897047087666e-08,0.468619533590734
669,0.4664340110720583,2.6467881325455473e-09,0.0,-0.46918684,1.0,1.0072514,2.478943031457293e-08,0.4664340110720583
700,0.464657061332144,3.0291698155364906e-09,-5.6305495e-08,-0.52261305,1.0,1.1932867,2.7635708985334038e-08,0.464657061332144
319,0.46461997906453806,3.037697084040854e-09,1.4076374e-08,-0.45749822,1.0,0.97273964,2.7635708985334038e-08,0.46461997906453806
273,0.4645293443030084,3.058639666345564e-09,3.5190935e-09,-0.5236654,1.0,1.197209,2.7635708985334038e-08,0.4645293443030084
455,0.46356426939242695,3.2905554700508775e-09,-1.7595467e-09,-0.5456921,1.0,1.2724429,2.9385425593012486e-08,0.46356426939242695
128,0.46231587712923355,3.6161339027005383e-09,7.038187e-09,-0.506873,1.0,1.1498321,3.192173376177027e-08,0.46231587712923355
176,0.46143183248782554,3.865484748792895e-09,7.038187e-09,-0.4347381,1.0,0.902076,3.373513962582891e-08,0.46143183248782554
344,-0.4597875991391298,4.37461345477851e-09,-2.111456e-08,0.44596624,1.0,0.9485045,3.774947340752692e-08,0.4597875991391298
661,-0.45939145312108604,4.506733406474034e-09,-7.038187e-09,0.41842553,0.99999994,0.84846115,3.845745840191175e-08,0.45939145312108604
352,-0.4557004866473246,5.9402092568053814e-09,0.0,0.5142667,1.0,1.1990598,5.013275504644542e-08,0.4557004866473246
601,0.45433192034939723,6.57753410942037e-09,-7.038187e-09,-0.48499602,1.0,1.1050097,5.4908110826465697e-08,0.45433192034939723
195,-0.45302363805709395,7.2488436459552695e-09,1.4076374e-08,0.49344286,1.0,1.1387802,5.986141849563061e-08,0.45302363805709395
19,-0.45202093135538324,7.80810523613118e-09,-1.4076374e-08,0.4413393,1.0,0.9591116,6.379388107817815e-08,0.45202093135538324
447,0.45008832234563495,9.00707230118356e-09,1.4076374e-08,-0.46632162,1.0,1.0555353,7.281506870851552e-08,0.45008832234563495
573,0.44935184011778473,9.509657862148841e-09,-1.7595466e-08,-0.5639129,1.0,1.3874433,7.607726289719073e-08,0.44935184011778473
642,0.44912445763884934,9.67026483157058e-09,1.4076374e-08,-0.6039538,1.0,1.5173777,7.656457103758975e-08,0.44912445763884934
94,-0.4474339399744524,1.0950128498492902e-08,6.5983e-10,0.47529158,1.0,1.0968269,8.581325190655663e-08,0.4474339399744524
653,0.44655449452557355,1.1679709854278896e-08,1.5835921e-08,-0.48793614,1.0,1.1441087,9.033767813607233e-08,0.44655449452557355
69,0.4464578418629434,1.1762718507301085e-08,1.4076374e-08,-0.44738495,0.99999994,1.0010672,9.033767813607233e-08,0.4464578418629434
34,0.4453519092288082,1.2754434870315204e-08,0.0,-0.48044655,1.0,1.1226288,9.698421762774334e-08,0.4453519092288082
410,0.44473942516285675,1.3338204535199006e-08,0.0,-0.42888215,1.0,0.93923455,1.0042883414738075e-07,0.44473942516285675
408,0.44389541041581054,1.4185459250762134e-08,0.0,-0.42469227,1.0,0.9265727,1.0577119130665357e-07,0.44389541041581054
334,0.4420948398047108,1.6171704178784352e-08,0.0,-0.4462556,1.0,1.0129126,1.1942181547409984e-07,0.4420948398047108
615,-0.44011245836407875,1.867180441435272e-08,7.038187e-09,0.47917032,1.0,1.1380442,1.3657091228783703e-07,0.44011245836407875
192,-0.4397037318768559,1.92321372307172e-08,-3.5190935e-09,0.52704257,1.0,1.3044429,1.3934227729425292e-07,0.4397037318768559
728,0.4389443421800331,2.031701571352511e-08,0.0,-0.42719364,1.0,0.953938,1.4582680437371295e-07,0.4389443421800331
493,-0.4360432063237135,2.5036936573025522e-08,0.0,0.52320623,1.0,1.3063211,1.7804043785262593e-07,0.4360432063237135
313,-0.435208657437493,2.658169710729799e-08,2.111456e-08,0.60226244,1.0,1.5732125,1.858580256128004e-07,0.435208657437493
156,0.4351884192633287,2.662029012683339e-08,-1.4076374e-08,-0.3986638,1.0,0.8575449,1.858580256128004e-07,0.4351884192633287
606,0.4349124496198499,2.7151970372418593e-08,2.8152748e-08,-0.45568582,1.0,1.0740438,1.8786228149565298e-07,0.4349124496198499
207,0.4341771945216691,2.8619379991610762e-08,-7.038187e-09,-0.46510616,1.0,1.1108514,1.9624717708533092e-07,0.4341771945216691
379,-0.43226604366498517,3.28036218403754e-08,7.038187e-09,0.54486805,1.0,1.3955474,2.2294850949918858e-07,0.43226604366498517
683,0.4319045169063496,3.365942920395282e-08,2.111456e-08,-0.59181106,1.0,1.5538279,2.2675825990031374e-07,0.4319045169063496
76,-0.4313880144601568,3.491987555224088e-08,0.0,0.412257,1.0,0.9247568,2.3320403847061734e-07,0.4313880144601568
750,0.43086835451974764,3.6234271241218184e-08,1.4076374e-08,-0.3575028,1.0,0.7011691,2.398958647694445e-07,0.43086835451974764
631,-0.43044038969853643,3.735274683476081e-08,-1.4076374e-08,0.41785532,1.0,0.94986427,2.451872612743274e-07,0.43044038969853643
507,-0.4295021716157778,3.9923377613264166e-08,3.5190935e-09,0.47479168,1.0,1.1637869,2.590925882559352e-07,0.4295021716157778
82,-0.42934663646759746,4.0365854188202256e-08,0.0,0.63054764,1.0,1.6929281,2.590925882559352e-07,0.42934663646759746
758,-0.429305657327458,4.048321691498987e-08,-1.7595466e-08,0.48806304,1.0,1.2117426,2.590925882559352e-07,0.429305657327458
362,-0.4274763639673337,4.6073833497000906e-08,2.111456e-08,0.3573793,1.0,0.71315706,2.924355712867495e-07,0.4274763639673337
686,0.4252609676946884,5.3853574894233895e-08,7.038187e-09,-0.51456916,1.0,1.3213179,3.390126681866527e-07,0.4252609676946884
446,-0.4239402901307114,5.908330617885109e-08,-7.038187e-09,0.42896292,1.0,1.0168352,3.6891039955575314e-07,0.4239402901307114
256,-0.42350922700109234,6.089457387572999e-08,0.0,0.56283313,1.0,1.494756,3.771534898109728e-07,0.42350922700109234
502,-0.4225509881981553,6.511636846306932e-08,0.0,0.3737758,1.0,0.8022858,4.0007496783709797e-07,0.4225509881981553
348,0.4206559711778835,7.431789681398267e-08,-2.111456e-08,-0.45276093,1.0,1.1187716,4.5298527581856104e-07,0.4206559711778835
537,0.41763331787100116,9.166306796988969e-08,0.0,-0.3901148,1.0,0.8884501,5.543089464635848e-07,0.41763331787100116
667,0.4167951640368887,9.71305122527287e-08,2.8152748e-08,-0.40437797,1.0,0.94894797,5.827830735163723e-07,0.4167951640368887
697,-0.4158205218360603,1.038865790261814e-07,1.7595467e-09,0.4005558,1.0,0.93748283,6.184875402488939e-07,0.4158205218360603
292,0.4151185096418645,1.0903302348663202e-07,0.0,-0.5350957,1.0,1.4370643,6.366256323484415e-07,0.4151185096418645
450,-0.41507056217349436,1.0939335687492828e-07,-2.111456e-08,0.45548224,1.0,1.1513474,6.366256323484415e-07,0.41507056217349436
765,-0.41506702803746787,1.0942003055988838e-07,1.4076374e-08,0.44833633,1.0,1.1247289,6.366256323484415e-07,0.41506702803746787
540,-0.4145818011650098,1.1313346314237767e-07,-7.038187e-09,0.48720613,1.0,1.2694635,6.532819525815492e-07,0.4145818011650098
621,-0.4139094122113385,1.1848196120271167e-07,-7.038187e-09,0.39053702,1.0,0.9044093,6.790607925647953e-07,0.4139094122113385
551,0.4132558939108538,1.2391496837678146e-07,-7.038187e-09,-0.41879874,1.0,1.0193526,7.0493848676569e-07,0.4132558939108538
737,0.4117102896791437,1.3774260156342173e-07,-7.038187e-09,-0.4578173,1.0,1.173822,7.778405735346168e-07,0.4117102896791437
579,-0.41070757162705124,1.4750132755135888e-07,2.1994333e-09,0.3688781,1.0,0.8263273,8.268687559083476e-07,0.41070757162705124
191,0.40813869964609145,1.7565874146533376e-07,-4.222912e-08,-0.42113212,1.0,1.048812,9.775790829375097e-07,0.40813869964609145
269,0.4054039657071905,2.1134453245393683e-07,7.038187e-09,-0.52894074,1.0,1.459803,1.1677165534145575e-06,0.4054039657071905
464,0.40443735783680906,2.255640869827838e-07,0.0,-0.40506303,1.0,1.0002098,1.234102522792569e-06,0.40443735783680906
426,-0.4042682030746366,2.2814596299112376e-07,2.111456e-08,0.6330766,1.0,1.8285896,1.234102522792569e-06,0.4042682030746366
701,0.4042383557231191,2.286043515161115e-07,0.0,-0.5290511,1.0,1.4656321,1.234102522792569e-06,0.4042383557231191
747,-0.40416161751918206,2.2978731869705383e-07,-2.8152748e-08,0.39324817,1.0,0.95355487,1.234102522792569e-06,0.40416161751918206
438,0.4031520742479981,2.459130183975548e-07,-2.8152748e-08,-0.42637682,1.0,1.0895319,1.3115360981202924e-06,0.4031520742479981
309,0.4030081855468693,2.4829858291580044e-07,0.0,-0.46886286,0.99999994,1.2518152,1.3151262874436878e-06,0.4030081855468693
679,-0.39988773949204265,3.059060861790524e-07,-1.055728e-08,0.405839,1.0,1.021714,1.60914982318844e-06,0.39988773949204265
580,0.3997797370493346,3.081154576392166e-07,-2.63932e-09,-0.39082694,1.0,0.96114606,1.6097460644008052e-06,0.3997797370493346
386,-0.3990889348189225,3.226165409546892e-07,-1.4076374e-08,0.40879342,1.0,1.0368257,1.6741182665756844e-06,0.3990889348189225
235,0.396417256059498,3.851697494906744e-07,-1.4076374e-08,-0.45727515,1.0,1.2369304,1.985304480596228e-06,0.396417256059498
428,0.3912251065602198,5.419375206307654e-07,-2.63932e-09,-0.48616883,1.0,1.3694774,2.774720105629519e-06,0.3912251065602198
248,0.3908474750405049,5.554809893794173e-07,-7.038187e-09,-0.38320103,1.0,0.9657969,2.8252278135324005e-06,0.3908474750405049
104,-0.39062385085930507,5.636546086550629e-07,-7.038187e-09,0.39677253,1.0,1.0230923,2.837594378091134e-06,0.39062385085930507
271,-0.39057915941245835,5.653020050103431e-07,-2.8152748e-08,0.45789424,1.0,1.2652284,2.837594378091134e-06,0.39057915941245835
647,0.3893526350747063,6.123727816007624e-07,-7.038187e-09,-0.41809466,1.0,1.1148787,3.0539110147362694e-06,0.3893526350747063
763,-0.3869698563001767,7.148685736134904e-07,1.4076374e-08,0.37102628,1.0,0.9300084,3.5264900181829282e-06,0.3869698563001767
355,0.3869385906322286,7.163182849434073e-07,1.7595467e-09,-0.42758825,1.0,1.163185,3.5264900181829282e-06,0.3869385906322286
594,0.38673980498359517,7.255987657755924e-07,2.8152748e-08,-0.36287168,1.0,0.8955362,3.5494258096538533e-06,0.38673980498359517
644,-0.3866317001305768,7.306939347939656e-07,1.9355014e-08,0.43036675,1.0,1.1755512,3.5517274805175036e-06,0.3866317001305768
140,0.38598274890522455,7.62017449812391e-07,2.8152748e-08,-0.43240136,1.0,1.1864719,3.680688059471172e-06,0.38598274890522455
738,-0.38479517342452885,8.227271952807639e-07,1.4076374e-08,0.38028088,1.0,0.97861934,3.949090537347667e-06,0.38479517342452885
766,0.38457533882168415,8.344663584403654e-07,1.4076374e-08,-0.48527,1.0,1.3975056,3.970722580453233e-06,0.38457533882168415
744,0.38451763924979293,8.375742943143539e-07,1.5835921e-08,-0.3366076,1.0,0.7858586,3.970722580453233e-06,0.38451763924979293
149,0.38347312877359935,8.958017462747897e-07,0.0,-0.4016375,1.0,1.0734181,4.220710068337659e-06,0.38347312877359935
539,0.3831405837859005,9.151462356282181e-07,2.5953314e-08,-0.33307794,1.0,0.7748934,4.2855628595272655e-06,0.3831405837859005
589,-0.3812617309813029,1.0322448143017635e-06,7.038187e-09,0.5538338,1.0,1.6704754,4.80463040838639e-06,0.3812617309813029
257,-0.38029579795246443,1.097944645291599e-06,1.055728e-08,0.47576097,1.0,1.3817091,5.079647515565952e-06,0.38029579795246443
616,0.3774188531726089,1.3183961851231094e-06,-1.055728e-08,-0.36745617,1.0,0.954554,6.06304353397933e-06,0.3774188531726089
306,-0.3763025070876312,1.4149486256226066e-06,7.038187e-09,0.46518594,1.0,1.3599597,6.468336574274773e-06,0.3763025070876312
130,0.37532622613096267,1.5049418304143453e-06,0.0,-0.32814944,1.0,0.78388,6.808336475847746e-06,0.37532622613096267
643,-0.3753040033422435,1.5070536469975479e-06,-1.7595466e-08,0.37806594,1.0,1.0096039,6.808336475847746e-06,0.3753040033422435
749,0.3737331938463821,1.6637449013998872e-06,2.8152748e-08,-0.5664903,1.0,1.758831,7.472257802778441e-06,0.3737331938463821
215,-0.3734383099744545,1.6948604985605987e-06,-7.038187e-09,0.3944827,1.0,1.0875617,7.5677492028752315e-06,0.3734383099744545
624,-0.37302910927264055,1.7389672368625764e-06,5.27864e-09,0.3602157,1.0,0.941401,7.707947511798011e-06,0.37302910927264055
30,0.3729617547039887,1.746331858141737e-06,1.4076374e-08,-0.3943596,1.0,1.0891627,7.707947511798011e-06,0.3729617547039887
689,-0.37144886013961614,1.919907380228964e-06,3.5190933e-08,0.34954908,1.0,0.90020394,8.425650674376253e-06,0.37144886013961614
38,-0.371211778300516,1.9485709589215246e-06,-1.055728e-08,0.45926204,1.0,1.3614217,8.469897298371159e-06,0.371211778300516
536,-0.37118326040246097,1.952046642983978e-06,-3.5190935e-09,0.3078969,1.0,0.7007381,8.469897298371159e-06,0.37118326040246097
571,-0.3698599583264152,2.1200471863257993e-06,5.27864e-09,0.36914587,1.0,0.9945728,9.147169882574234e-06,0.3698599583264152
356,-0.3690834664430713,2.2250178242663395e-06,0.0,0.52126443,1.0,1.6136099,9.546445190148318e-06,0.3690834664430713
7,0.36893341584578393,2.245869946562877e-06,2.111456e-08,-0.6017772,1.0,1.9184672,9.582378438668275e-06,0.36893341584578393
452,0.36765666463707236,2.4310771260047287e-06,-1.4076374e-08,-0.50858945,1.0,1.5724723,1.0315288578848794e-05,0.36765666463707236
329,-0.36491249077995647,2.880166063361256e-06,7.038187e-09,0.33936548,1.0,0.8814386,1.2153667783854091e-05,0.36491249077995647
632,-0.3642287647548866,3.003902263738547e-06,2.63932e-09,0.4810065,1.0,1.4827291,1.2606540647820788e-05,0.3642287647548866
239,-0.3619321317572828,3.4580551985828754e-06,-1.31966e-08,0.3463456,1.0,0.9268994,1.4433621698432871e-05,0.3619321317572828
3,0.35938359831973515,4.039181699379101e-06,0.0,-0.40713397,1.0,1.2056718,1.6768062406071077e-05,0.35938359831973515
332,-0.3587382622258928,4.2005895502370435e-06,1.2316827e-08,0.39821258,1.0,1.1708301,1.734436975581747e-05,0.3587382622258928
310,0.357347713575078,4.569707124838917e-06,3.7830254e-08,-0.42235306,1.0,1.2795352,1.8716138729818504e-05,0.357347713575078
61,0.35730487919567244,4.581554793236821e-06,0.0,-0.38458675,1.0,1.1188236,1.8716138729818504e-05,0.35730487919567244
527,0.357128454445175,4.630679384610759e-06,2.8152748e-08,-0.36907744,1.0,1.0513926,1.8816728927942133e-05,0.357128454445175
65,-0.356916215281292,4.690442741331108e-06,-3.5190935e-09,0.34202293,1.0,0.9291304,1.8959263291275212e-05,0.356916215281292
472,0.3564747204152744,4.817141596228622e-06,-7.038187e-09,-0.3682908,1.0,1.0508974,1.9369448931432366e-05,0.3564747204152744
548,-0.35520627131726,5.199694989572968e-06,1.8475241e-08,0.39496234,1.0,1.1737223,2.079877995829187e-05,0.35520627131726
169,0.35441922074376225,5.451545238046334e-06,-1.4076374e-08,-0.43180358,1.0,1.3336426,2.1693195558650698e-05,0.35441922074376225
79,-0.35394279710620297,5.609637136521761e-06,1.4076374e-08,0.29909354,1.0,0.7301307,2.2207223303343877e-05,0.35394279710620297
380,0.353608716157574,5.723110766831398e-06,-1.5835921e-08,-0.41184723,1.0,1.253753,2.2540251635520585e-05,0.353608716157574
491,-0.3531371406355372,5.887038621495047e-06,-1.7595467e-09,0.42579386,1.0,1.3150036,2.3067579904633653e-05,0.3531371406355372
629,0.3517274171724972,6.404372107449939e-06,-1.4076374e-08,-0.35829496,1.0,1.0277946,2.496729836812971e-05,0.3517274171724972
592,0.3513149245398966,6.563811773388513e-06,-1.5835921e-08,-0.33601442,1.0,0.9260856,2.5459633545264534e-05,0.3513149245398966
340,0.3510830654123609,6.6550941342595116e-06,1.20968835e-08,-0.32911596,1.0,0.8940899,2.5683981382468872e-05,0.3510830654123609
753,0.3501828613270588,7.021172977225053e-06,7.038187e-09,-0.48634914,0.99999994,1.5803151,2.69613042325442e-05,0.3501828613270588
398,-0.34999983561489173,7.097925271644846e-06,-1.4076374e-08,0.34845003,1.0,0.9905173,2.7120430888672847e-05,0.34999983561489173
541,0.34974890805218056,7.204463962928264e-06,-3.5190935e-09,-0.35079038,1.0,1.0025253,2.739122932440053e-05,0.34974890805218056
123,-0.34842571117519516,7.792102090793746e-06,-7.038187e-09,0.46326005,0.99999994,1.4956268,2.947947983118028e-05,0.34842571117519516
57,-0.3469480936827475,8.502552045616391e-06,-1.2756714e-08,0.40655,1.0,1.2643925,3.200960770114406e-05,0.3469480936827475
485,-0.3442209892725261,9.979835145098771e-06,3.5190935e-09,0.35257256,1.0,1.0367389,3.738787020212613e-05,0.3442209892725261
617,0.34327765573649777,1.0545790928487833e-05,-1.055728e-08,-0.3386057,1.0,0.97555053,3.9141120442229585e-05,0.34327765573649777
294,0.3432712284461141,1.0549755119194692e-05,-1.4076374e-08,-0.3805862,0.99999994,1.168787,3.9141120442229585e-05,0.3432712284461141
110,-0.3430129251081129,1.0710062500037054e-05,0.0,0.33156392,1.0,0.9430124,3.9544846153982974e-05,0.3430129251081129
406,-0.3412649561353845,1.1857737091342774e-05,-7.038187e-09,0.33299217,1.0,0.95810604,4.357292864187201e-05,0.3412649561353845
283,-0.3397660508993455,1.2934729312460569e-05,3.5190933e-08,0.33847862,1.0,0.9915553,4.7304152914141506e-05,0.3397660508993455
454,-0.3385031441588959,1.3914149288443098e-05,3.5190935e-09,0.41336817,1.0,1.3378118,5.0644865656513267e-05,0.3385031441588959
693,0.33645399752269445,1.5655767023361985e-05,7.038187e-09,-0.3961707,1.0,1.2729254,5.671523148085851e-05,0.33645399752269445
467,0.33635882337291956,1.5741521404051944e-05,3.5190935e-09,-0.3482585,0.99999994,1.0544416,5.675816168221546e-05,0.33635882337291956
508,-0.3323079210622614,1.9837307838200304e-05,-1.055728e-08,0.33816394,1.0,1.0261112,7.119183373709269e-05,0.3323079210622614
73,0.3321243412102671,2.004516554407933e-05,-7.038187e-09,-0.3175886,1.0,0.92572856,7.160319599001359e-05,0.3321243412102671
555,0.33159229900621234,2.0659347139152388e-05,-5.27864e-09,-0.3660061,1.0,1.1612319,7.345545649476405e-05,0.33159229900621234
45,0.33150195253272663,2.0765414876888383e-05,7.038187e-09,-0.42758334,1.0,1.4382498,7.349234389608424e-05,0.33150195253272663
188,0.3308648579191156,2.1528207846437477e-05,0.0,-0.37979165,1.0,1.2284105,7.58424936975412e-05,0.3308648579191156
702,0.3305720652752725,2.1887676166246596e-05,-1.2316827e-08,-0.36394385,1.0,1.1568767,7.675678217204285e-05,0.3305720652752725
335,0.3293572680398238,2.3441149279321988e-05,0.0,-0.34969813,1.0,1.0960412,8.183092112054222e-05,0.3293572680398238
308,0.3285687626975297,2.450517308835945e-05,-7.038187e-09,-0.3423656,1.0,1.0649222,8.515824856045275e-05,0.3285687626975297
301,-0.3271614764479121,2.6519605120338225e-05,-7.038187e-09,0.3873699,1.0,1.2827035,9.137818867477106e-05,0.3271614764479121
682,-0.3271524604955774,2.6532989680304617e-05,-2.2874108e-08,0.39040756,1.0,1.2965908,9.137818867477106e-05,0.3271524604955774
157,-0.32536238209531293,2.9325338762461182e-05,-1.4076374e-08,0.30114922,1.0,0.87389976,0.00010054401861415262,0.32536238209531293
400,-0.324952979146283,3.0002194568837233e-05,7.038187e-09,0.3645342,1.0,1.1888301,0.00010217216739620837,0.324952979146283
226,0.3249146744603305,3.0066288843155065e-05,1.4076374e-08,-0.46086997,1.0,1.6222563,0.00010217216739620837,0.3249146744603305
698,-0.3240144558546966,3.161043594909123e-05,-2.111456e-08,0.29519045,1.0,0.848835,0.00010694632074406195,0.3240144558546966
530,0.32233234139434525,3.470033864797645e-05,-5.27864e-09,-0.31609288,1.0,0.96613586,0.00011657763214259933,0.32233234139434525
740,-0.32230087755150205,3.4760778334186516e-05,-2.8152748e-08,0.3994138,1.0,1.364449,0.00011657763214259933,0.32230087755150205
704,0.32075360585515567,3.786015299364515e-05,1.7595467e-09,-0.42399395,1.0,1.4845313,0.0001264199891266064,0.32075360585515567
172,0.32012056199869,3.9202552696287515e-05,-1.2316827e-08,-0.29469538,1.0,0.86530966,0.00013033575961363122,0.32012056199869
495,0.3198303243857524,3.9833037230444655e-05,-7.038187e-09,-0.33210236,1.0,1.0591891,0.00013186108876285128,0.3198303243857524
336,0.31960232737522926,4.033503058758916e-05,-7.038187e-09,-0.33593547,1.0,1.0793078,0.0001329498003917102,0.31960232737522926
529,-0.31781807082755614,4.447688070331609e-05,-7.038187e-09,0.37887973,1.0,1.2947705,0.00014597540333396048,0.31781807082755614
376,0.3150698095553744,5.165612332502187e-05,0.0,-0.3074684,1.0,0.95829624,0.00016881660729198636,0.3150698095553744
677,-0.3148655348051745,5.223153597079206e-05,1.4076374e-08,0.3429622,1.0,1.1388001,0.00016997381197274704,0.3148655348051745
119,-0.3134082568299892,5.6516691489165345e-05,7.038187e-09,0.31104174,1.0,0.98543686,0.00018314269647121934,0.3134082568299892
342,-0.311786985483003,6.16756592322047e-05,0.0,0.32296687,1.0,1.0552027,0.00019902061466526557,0.311786985483003
305,0.3107591169298644,6.517453610008225e-05,1.055728e-08,-0.3363691,1.0,1.128232,0.0002094311452923145,0.3107591169298644
206,-0.30973204118423914,6.885821266062768e-05,1.2316827e-08,0.35170683,1.0,1.2096994,0.0002203462805140086,0.30973204118423914
179,-0.30859865237219275,7.31520189889867e-05,-1.4076374e-08,0.28390044,1.0,0.86426055,0.000233115147649551,0.30859865237219275
511,-0.30850454557387547,7.351971602174645e-05,0.0,0.31151098,1.0,1.0134504,0.00023331876820124493,0.30850454557387547
565,0.3083497930704194,7.412820952084045e-05,1.4076374e-08,-0.33045882,1.0,1.1115769,0.000234281748609076,0.3083497930704194
482,-0.3081453724724116,7.493931096718794e-05,2.111456e-08,0.37568456,1.0,1.3348806,0.0002358745525524604,0.3081453724724116
597,-0.3076097587768765,7.710459983874783e-05,-3.5190935e-09,0.3477037,1.0,1.2018304,0.0002416993170455442,0.3076097587768765
525,-0.30733819172808435,7.822495330003432e-05,2.8152748e-08,0.29694745,1.0,0.9422977,0.00024421448835132664,0.30733819172808435
136,-0.3071314086047316,7.90883764593018e-05,-1.4076374e-08,0.31973326,1.0,1.0634032,0.0002459104174928898,0.3071314086047316
674,-0.3068932022751049,8.009417970384068e-05,1.055728e-08,0.31003717,1.0,1.0142547,0.0002480335887602808,0.3068932022751049
178,0.3056285079962394,8.564040457398502e-05,-4.222912e-08,-0.31044796,1.0,1.0231377,0.0002641438984450622,0.3056285079962394
284,0.3039056249437948,9.378328992508103e-05,2.8152748e-08,-0.31848893,1.0,1.0743936,0.00028713908990283106,0.3039056249437948
299,-0.30389339201267423,9.384363485105548e-05,0.0,0.26267964,1.0,0.7658775,0.00028713908990283106,0.30389339201267423
267,0.3023331510114445,0.00010185009561710943,-7.038187e-09,-0.28334382,1.0,0.8936834,0.00031040029140452395,0.3023331510114445
487,0.30199675037793616,0.00010365908494642657,-1.055728e-08,-0.31029227,1.0,1.041857,0.00031466473216938977,0.30199675037793616
325,-0.3018287150441087,0.00010457398356072072,-1.4076374e-08,0.30027652,1.0,0.9893556,0.0003161922022623366,0.3018287150441087
483,0.3015310174963891,0.00010621368725229077,0.0,-0.28184682,1.0,0.8894881,0.00031989063454807573,0.3015310174963891
330,0.30120944785965176,0.00010801215090725597,3.5190935e-09,-0.34117106,1.0,1.2053726,0.00032403645272176794,0.30120944785965176
522,0.3004791996630188,0.00011220386020857993,7.038187e-09,-0.41222903,1.0,1.5562081,0.0003353018079384801,0.3004791996630188
277,-0.29976919155326653,0.00011642645626332111,2.4633653e-08,0.3469327,1.0,1.2426761,0.00034657177678383956,0.29976919155326653
390,-0.2990364956235337,0.00012094111250312702,7.038187e-09,0.36220035,1.0,1.323119,0.000358620750588423,0.2990364956235337
690,-0.29885920375975544,0.00012205814619004988,-1.4076374e-08,0.34005228,1.0,1.2132112,0.0003605409856690704,0.29885920375975544
764,-0.2983336210055515,0.00012542708506490732,1.4076374e-08,0.32972282,1.0,1.1634315,0.00036907280203007215,0.2983336210055515
585,0.29802865060482886,0.00012742204602270667,-7.038187e-09,-0.31774157,1.0,1.1029028,0.0003735119517001478,0.29802865060482886
735,0.2977135254298241,0.00012951485423466885,-1.4076374e-08,-0.35138956,1.0,1.2771201,0.0003782030724419227,0.2977135254298241
503,-0.29725336598442864,0.00013262924854053214,-7.038187e-09,0.34112453,1.0,1.2279769,0.0003858305412088208,0.29725336598442864
241,0.2962022944046102,0.00014001025209141462,-7.038187e-09,-0.31622058,1.0,1.1051509,0.0004057655607781375,0.2962022944046102
202,0.296043526649276,0.00014115827916271354,1.055728e-08,-0.30057344,1.0,1.0223871,0.0004075547308156541,0.296043526649276
720,-0.2958865328180795,0.00014230237926474124,0.0,0.31040064,0.99999994,1.0760754,0.0004093192032783568,0.2958865328180795
304,0.29558249175299506,0.00014454268941093876,-4.3988666e-09,-0.29759404,1.0,1.00871,0.000414211886073138,0.29558249175299506
375,-0.2942569338635909,0.0001547051005310485,-1.4076374e-08,0.37405136,1.0,1.411125,0.0004416859375756329,0.2942569338635909
707,0.2917711024287739,0.00017560477185674269,1.4076374e-08,-0.32981578,1.0,1.2019093,0.000498325977659119,0.2917711024287739
138,-0.2917445639886894,0.000175841588470861,-2.8152748e-08,0.3052896,1.0,1.0719343,0.000498325977659119,0.2917445639886894
238,-0.29088739933612734,0.00018365540280256432,0.0,0.31520075,1.0,1.1300501,0.0005185564314425346,0.29088739933612734
627,0.2905290644328878,0.00018701797566595362,7.038187e-09,-0.27464676,1.0,0.9074445,0.000526116502972353,0.2905290644328878
691,-0.2881573416201356,0.00021077896583434285,-1.7595467e-09,0.3350432,1.0,1.2507652,0.0005907965173750924,0.2881573416201356
44,-0.28798620724572055,0.00021259902667896687,-1.4076374e-08,0.3736893,1.0,1.4494895,0.0005937310999616238,0.28798620724572055
237,-0.287738310090905,0.00021526167880740009,5.27864e-09,0.33039236,1.0,1.2289599,0.0005989890192901568,0.287738310090905
451,-0.28615724648463964,0.00023299657802427744,1.4076374e-08,0.34301776,1.0,1.3045509,0.0006459977325727259,0.28615724648463964
641,0.28586411830635483,0.00023643210953995373,1.4076374e-08,-0.27290106,1.0,0.92308635,0.0006531649644844765,0.28586411830635483
101,-0.28511030118949554,0.00024548680733707653,1.4076374e-08,0.3334878,0.99999994,1.2612308,0.000675748630949372,0.28511030118949554
93,-0.2837570197168449,0.0002625655750371144,-1.055728e-08,0.2929187,1.0,1.0495299,0.0007201798629589424,0.2837570197168449
492,0.28171912374570746,0.00029040295318182746,-7.038187e-09,-0.27444726,1.0,0.9555177,0.0007936991745325391,0.28171912374570746
563,-0.28145433488512644,0.0002942170209990441,1.4076374e-08,0.29632443,1.0,1.0820285,0.00080127188697612,0.28145433488512644
199,-0.2809780934698775,0.00030119511333495885,-1.7595467e-09,0.28642175,1.0,1.0289189,0.0008173775513825032,0.2809780934698775
652,-0.27990807430910714,0.0003174444407472888,2.111456e-08,0.289967,0.99999994,1.0553281,0.0008584413045560486,0.27990807430910714
236,0.27945876501150263,0.000324509738082067,-1.055728e-08,-0.29558632,1.0,1.0896921,0.0008744683468316752,0.27945876501150263
341,0.27934117100983175,0.0003263832501473383,7.038187e-09,-0.40184155,1.0,1.6506264,0.000876441734661384,0.27934117100983175
381,0.2792270771734844,0.00032821040743918206,0.0,-0.26604098,1.0,0.91994584,0.0008782773272240133,0.2792270771734844
479,-0.2789239958241602,0.00033311129885963694,-1.1437054e-08,0.3710936,1.0,1.4968721,0.0008882967969590319,0.2789239958241602
148,-0.2786590667919506,0.0003374513101803353,1.4076374e-08,0.345363,1.0,1.3646209,0.0008967564229013756,0.2786590667919506
761,0.2785832043416642,0.00033870361462211914,-2.111456e-08,-0.45374358,1.0,1.9152049,0.0008969806069992672,0.2785832043416642
442,0.27845995418785074,0.0003407478678241107,3.5190935e-09,-0.34591618,1.0,1.3688382,0.0008992933418863128,0.27845995418785074
719,-0.2774270486547362,0.00035833938354669993,-1.7595466e-08,0.28693348,1.0,1.0526764,0.0009424816663146081,0.2774270486547362
75,-0.2764093917392523,0.00037650051124528855,7.038187e-09,0.29043132,1.0,1.078716,0.000986868234253862,0.2764093917392523
63,-0.2755659023866054,0.00039220342321681976,7.038187e-09,0.32446858,1.0,1.2728869,0.001024531391260264,0.2755659023866054
622,0.27517084502857153,0.00039976703226758204,0.0,-0.26424214,1.0,0.9324826,0.0010407494263779764,0.27517084502857153
225,0.274505974079057,0.00041280547764263457,1.4076374e-08,-0.27447668,1.0,0.9975308,0.0010699631856640902,0.274505974079057
439,0.2744573375570829,0.00041377482570603485,1.4076374e-08,-0.29556623,0.99999994,1.1196897,0.0010699631856640902,0.2744573375570829
712,-0.27374212359139266,0.0004282760080863667,2.8152748e-08,0.36208868,1.0,1.4857813,0.001103744879900435,0.27374212359139266
112,-0.2728346491001293,0.0004473601855654025,-1.7595466e-08,0.28688014,1.0,1.0798988,0.0011490723161011007,0.2728346491001293
595,-0.27129526390633324,0.00048156295275407387,-7.038187e-09,0.2581084,1.0,0.91762775,0.001232801159050429,0.27129526390633324
461,0.27031652370147063,0.0005045641394331084,2.4633653e-08,-0.30962676,1.0,1.2247036,0.001287392887324343,0.27031652370147063
675,-0.2689247345500308,0.0005390443203709413,-7.038187e-09,0.2766886,1.0,1.0440904,0.0013700747266035824,0.2689247345500308
151,0.2688663683136028,0.0005405372944803196,-1.4076374e-08,-0.24409294,1.0,0.84330535,0.0013700747266035824,0.2688663683136028
90,-0.26871261816295866,0.0005444884759292805,1.055728e-08,0.23468477,1.0,0.7821883,0.0013755498339266033,0.26871261816295866
307,-0.26830602446480956,0.0005550680859895122,-1.9355014e-08,0.2980647,1.0,1.1721741,0.0013976796394752306,0.26830602446480956
105,-0.2681117834674646,0.0005601897123506847,-1.4076374e-08,0.30149254,1.0,1.1929435,0.0014059663368801499,0.2681117834674646
384,0.26785987152360874,0.0005668975409985374,1.4076374e-08,-0.3598295,1.0,1.5153911,0.0014181671383937354,0.26785987152360874
99,0.2676148199290872,0.0005734944706992242,-7.038187e-09,-0.3437556,1.0,1.43053,0.001430012186678585,0.2676148199290872
317,-0.2672110419076302,0.0005845211695923667,-7.038187e-09,0.33295,1.0,1.3743696,0.0014527904797635523,0.2672110419076302
650,0.26583838974680485,0.0006235031409524052,1.055728e-08,-0.28069854,1.0,1.0868487,0.0015446787491982168,0.26583838974680485
658,-0.2653848307454131,0.0006369080478884982,3.5190935e-09,0.2809538,1.0,1.0911916,0.0015704856018539273,0.2653848307454131
506,-0.26534794769950987,0.0006380097757531579,-7.038187e-09,0.29901564,1.0,1.1965665,0.0015704856018539273,0.26534794769950987
40,-0.26510991239797593,0.0006451631098350713,0.0,0.2600834,1.0,0.9667876,0.001578619283440608,0.26510991239797593
524,0.26510124094200627,0.0006454250716150403,-1.4076374e-08,-0.25373146,1.0,0.92719376,0.001578619283440608,0.26510124094200627
209,-0.26425292316390175,0.0006715411526395322,-1.055728e-08,0.26733342,1.0,1.0165293,0.001637281286435431,0.26425292316390175
260,-0.2638589580735782,0.0006840014648986063,1.4076374e-08,0.24389379,1.0,0.8717629,0.0016623833070953471,0.2638589580735782
47,0.26271693233352766,0.0007213492344018828,-1.4076374e-08,-0.27017504,1.0,1.0433228,0.0017476221199389463,0.26271693233352766
726,-0.2623555510625042,0.0007335572714506921,-3.5190935e-09,0.26398364,1.0,1.0077419,0.001771610014069596,0.2623555510625042
338,0.2620474155704141,0.0007441183083441358,-1.4076374e-08,-0.29743427,1.0,1.2089711,0.0017914823222830605,0.2620474155704141
262,-0.26054256909758716,0.0007977589081937397,7.038187e-09,0.23413089,1.0,0.8271628,0.0019146213796649753,0.26054256909758716
713,-0.26013390167874306,0.0008129347555416433,-1.1437054e-08,0.3316509,1.0,1.4165865,0.0019449653964360811,0.26013390167874306
216,-0.2599992703904046,0.0008179928174922002,7.9179605e-09,0.27055067,1.0,1.0626934,0.001950989080229844,0.2599992703904046
20,0.2576809604927085,0.0009098124613641181,-1.2316827e-08,-0.26509953,1.0,1.0439624,0.002163269257980318,0.2576809604927085
162,-0.2569687952525973,0.0009398858235910314,1.7595466e-08,0.24627662,1.0,0.92932844,0.0022278775077713337,0.2569687952525973
545,-0.25654089208153086,0.0009583964012310613,-1.4076374e-08,0.2845166,1.0,1.1693171,0.0022647644189090926,0.25654089208153086
416,-0.2543575132342547,0.0010582283597682395,-7.038187e-09,0.26090708,1.0,1.0391138,0.0024930042340552392,0.2543575132342547
441,-0.25395856434467357,0.0010774802081810345,-8.357847e-09,0.22138694,1.0,0.77925587,0.0025305957182967416,0.25395856434467357
448,0.2523652636819546,0.0011576499602227322,1.7595466e-08,-0.23180056,1.0,0.86175567,0.0027105950288142024,0.2523652636819546
714,-0.251640872751849,0.0011958960960977458,0.0,0.2690974,1.0,1.107942,0.0027916358717418504,0.251640872751849
39,0.2511738152318525,0.0012211723730853022,-1.4076374e-08,-0.25051382,1.0,0.9934417,0.0028420011591803397,0.2511738152318525
107,-0.2503949045384483,0.001264428079128203,0.0,0.24199246,1.0,0.9427157,0.0029337787455300905,0.2503949045384483
203,0.24977945802251847,0.0012996039054407628,0.0,-0.31337136,1.0,1.3869238,0.0030002619271512795,0.24977945802251847
293,0.24975716517451282,0.0013008948199757502,-3.5190935e-09,-0.30157593,1.0,1.3175681,0.0030002619271512795,0.24975716517451282
181,-0.24958245595576126,0.0013110532139536382,-2.63932e-08,0.24644774,1.0,0.97726685,0.003014637330288605,0.24958245595576126
346,0.24930730502326567,0.0013272009108349636,-1.055728e-08,-0.23256011,1.0,0.88626707,0.003033780858042881,0.24930730502326567
28,-0.24927923030805035,0.0013288589340918768,-1.2756714e-08,0.25698143,1.0,1.0473198,0.003033780858042881,0.24927923030805035
48,-0.24923914107856351,0.0013312293608860038,2.8152748e-08,0.25910375,1.0,1.0611038,0.003033780858042881,0.24923914107856351
560,-0.24866396747269498,0.0013656761155371052,-1.4076374e-08,0.23204711,1.0,0.8868634,0.0031030747240606412,0.24866396747269498
289,-0.2481994270073956,0.0013940966233979518,-1.4076374e-08,0.310799,1.0,1.3834454,0.0031583073946006694,0.2481994270073956
638,0.2470335488488213,0.0014678487615243157,-7.038187e-09,-0.25905755,1.0,1.0754772,0.0033156113201490427,0.2470335488488213
374,0.24665826604952304,0.0014923450106827368,-2.8152748e-08,-0.3053306,1.0,1.362409,0.0033610585577839936,0.24665826604952304
54,-0.24656546870015322,0.001498460281314915,-1.7595467e-09,0.26030833,0.99999994,1.0865943,0.003364963438742265,0.24656546870015322
287,-0.24620761230286503,0.00152225929500084,-1.2316827e-08,0.29507822,1.0,1.3042384,0.003408440637203047,0.24620761230286503
42,0.2453841809574792,0.0015783526858904736,0.0,-0.2587569,1.0,1.0846454,0.0035237641359415223,0.2453841809574792
1,0.2450501112651808,0.001601648922757111,3.5190933e-08,-0.2159553,1.0,0.79639244,0.003565409775876699,0.2450501112651808
514,-0.2442909088955708,0.001655776299423235,-7.038187e-09,0.31491026,1.0,1.437151,0.0036752491270434814,0.2442909088955708
498,-0.24371195809896787,0.0016981810057964683,0.0,0.26962885,1.0,1.1651626,0.0037540018701859384,0.24371195809896787
222,-0.24367350836305476,0.0017010320974280033,-1.4076374e-08,0.277012,1.0,1.2116668,0.0037540018701859384,0.24367350836305476
520,0.2417715540774371,0.00184771000997514,0.0,-0.25097317,1.0,1.0586954,0.004066020881549878,0.2417715540774371
730,-0.24125952903783227,0.001889139756053703,1.7595466e-08,0.31108677,1.0,1.437657,0.004145312378997839,0.24125952903783227
418,-0.23974619894507454,0.0020166393481145743,-2.4633653e-08,0.2437675,0.99999994,1.0247495,0.004412475838609667,0.23974619894507454
543,0.23930670007546997,0.002055123884658622,0.0,-0.26528698,1.0,1.1685733,0.004483906657436993,0.23930670007546997
741,0.2366405842941013,0.002303417473289271,1.31966e-09,-0.2731416,0.99999994,1.2380263,0.004998634511843003,0.2366405842941013
378,-0.23663405412225066,0.002304058095302634,-7.038187e-09,0.19658132,1.0,0.7031069,0.004998634511843003,0.23663405412225066
116,-0.23656519799388362,0.0023108228055088577,7.038187e-09,0.24381539,1.0,1.0469216,0.004999188491917754,0.23656519799388362
25,0.23455088291538287,0.0025169613015067344,-1.4076374e-08,-0.23079623,1.0,0.97162676,0.005429849099879696,0.23455088291538287
535,0.23429796253840426,0.0025440026432688016,-1.4076374e-08,-0.29791436,1.0,1.4116297,0.005472812409048851,0.23429796253840426
182,-0.23326751379832522,0.002656950914685635,0.0,0.30526686,1.0,1.465481,0.005699827660554658,0.23326751379832522
655,-0.23291056652570824,0.0026971336645203892,-1.4076374e-08,0.23458529,1.0,1.0093315,0.00576991268621632,0.23291056652570824
425,0.2320450315190831,0.0027968940304951674,1.7595467e-09,-0.28738433,1.0,1.3633145,0.005963563918439867,0.2320450315190831
62,0.2319913941437684,0.002803185643954156,7.038187e-09,-0.23709138,1.0,1.0330962,0.005963563918439867,0.2319913941437684
16,0.231357339374348,0.0028785513458848915,0.0,-0.23768269,1.0,1.0416516,0.006106981860882863,0.231357339374348
168,-0.23073515838986478,0.0029543029105516204,-2.8152748e-08,0.25094056,1.0,1.1362256,0.006250425992572023,0.23073515838986478
246,-0.2294994873097411,0.003110179018311718,-7.038187e-09,0.29457495,1.0,1.4291325,0.006562135950723625,0.2294994873097411
625,-0.2293735728229239,0.003126477173317834,-1.055728e-08,0.231374,1.0,1.0118004,0.006578450600296154,0.2293735728229239
9,0.22914084466679693,0.00315680739077114,-1.4076374e-08,-0.21793,1.0,0.91709363,0.006624120426536163,0.22914084466679693
366,-0.228216843667273,0.0032798972596719774,0.0,0.23176336,0.99999994,1.0227704,0.006863654210975691,0.228216843667273
200,0.22811889159948465,0.0032931991842674122,0.0,-0.24862985,1.0,1.139851,0.00687276351499286,0.22811889159948465
575,0.22675229092642743,0.00348399579476359,0.0,-0.20400837,1.0,0.8290395,0.007251243280158366,0.22675229092642743
405,0.22582066462837846,0.0036197860480403576,1.4076374e-08,-0.23207025,1.0,1.0421857,0.007513501851067553,0.22582066462837846
100,-0.22460335054702793,0.003804482503248051,0.0,0.22889437,1.0,1.0284878,0.007875586421818067,0.22460335054702793
687,-0.22370874932604376,0.003945643397318747,-2.111456e-08,0.22493242,1.0,1.0065539,0.008145844433174187,0.22370874932604376
600,-0.2234674481089034,0.0039845266699969,2.111456e-08,0.21462916,1.0,0.93275785,0.008204065636883699,0.2234674481089034
475,-0.22316880919858303,0.004033131754867094,2.8152748e-08,0.21394154,1.0,0.92976564,0.008281939004646867,0.22316880919858303
36,0.2227711954215167,0.0040986818262493604,0.0,-0.22916171,1.0,1.0437977,0.00839410038015869,0.2227711954215167
111,0.22267140787640682,0.0041152848716479624,-3.5190935e-09,-0.2114661,1.0,0.91475046,0.008405688248472435,0.22267140787640682
561,0.21928310039175808,0.004716624498914666,0.0,-0.22242261,1.0,1.0208062,0.009608402162245261,0.21928310039175808
598,0.2192085148488689,0.004730714323186759,-1.4076374e-08,-0.24618678,1.0,1.1907601,0.009611610053458812,0.2192085148488689
29,-0.21856241931358247,0.004854383660002741,0.0,0.26205164,1.0,1.304959,0.009836851321588668,0.21856241931358247
582,-0.21823696013222038,0.004917782342901132,0.0,0.20803288,1.0,0.92072725,0.009939096945652813,0.21823696013222038
137,0.21805661528407455,0.0049532357327799256,-7.038187e-09,-0.21448986,1.0,0.971055,0.009984475177887094,0.21805661528407455
722,-0.2178234446435013,0.004999417538024701,0.0,0.24341214,1.0,1.1822155,0.010051184997913536,0.2178234446435013
337,0.2175042194469219,0.005063275455267827,0.0,-0.23567407,1.0,1.1299796,0.010152990991242013,0.2175042194469219
2,0.21663650833011383,0.005240603763006287,0.0,-0.21179743,1.0,0.9612398,0.010481207526012575,0.21663650833011383
471,-0.21629179964650286,0.005312597613515727,7.038187e-09,0.20569909,1.0,0.91701216,0.01059759731735085,0.21629179964650286
619,-0.21550050012538305,0.005481258479957139,-2.375388e-08,0.29078007,1.0,1.5239502,0.01090571635390436,0.21550050012538305
490,0.21526932557479425,0.00553143889921697,-1.4076374e-08,-0.21719961,1.0,1.0121961,0.010977119055810421,0.21526932557479425
699,-0.21303106813768644,0.006039202642015564,0.0,0.22060707,1.0,1.0547352,0.011953885641927713,0.21303106813768644
583,0.20940052472526977,0.006952807906935134,-1.4076374e-08,-0.21593946,1.0,1.0478433,0.013715146210430481,0.20940052472526977
120,0.2093560814960117,0.006964722684984229,1.4076374e-08,-0.19304039,1.0,0.86787295,0.013715146210430481,0.2093560814960117
618,0.20898625423556336,0.007064595877202915,-2.111456e-08,-0.22697861,1.0,1.1339397,0.013876239472357643,0.20898625423556336
11,0.20879479120948188,0.007116806095116709,-1.4076374e-08,-0.28737295,1.0,1.5625291,0.013943130308800082,0.20879479120948188
389,-0.20814275510841884,0.007297222823903367,-2.111456e-08,0.24710964,1.0,1.287447,0.014260221701673756,0.20814275510841884
98,0.20743788057476506,0.007496876173456862,1.4076374e-08,-0.23465903,1.0,1.2031765,0.014613200256890533,0.20743788057476506
648,0.20684014566800393,0.007670016029211569,-1.7595467e-09,-0.22515722,1.0,1.1377525,0.014912841292239203,0.20684014566800393
252,0.20539038774899085,0.00810495967390913,-7.038187e-09,-0.27974516,1.0,1.542099,0.015718709670611647,0.20539038774899085
174,-0.20502925438915764,0.008216690379081638,-3.5190935e-09,0.19604814,1.0,0.92566484,0.015895259977669263,0.20502925438915764
710,-0.20391398040892192,0.008570515966645337,-7.9179605e-09,0.19057061,0.99999994,0.8892241,0.016538081061265374,0.20391398040892192
752,0.20372550093666267,0.008631642637346792,-8.797733e-09,-0.21365304,1.0,1.0755662,0.016614289587675028,0.20372550093666267
80,-0.20353550584581753,0.008693653376495865,2.8152748e-08,0.18384202,1.0,0.83525056,0.016663728726335765,0.20353550584581753
584,-0.20351392262836135,0.008700722941745627,2.8152748e-08,0.20065044,1.0,0.9747975,0.016663728726335765,0.20351392262836135
762,0.20117212585070116,0.00949907179688178,-2.111456e-08,-0.2328613,1.0,1.2429621,0.018147480447774148,0.20117212585070116
22,0.19851285972710056,0.01048451238784824,0.0,-0.21820915,1.0,1.15421,0.019980410704385724,0.19851285972710056
117,-0.1981166575925283,0.010638883320950292,8.797733e-09,0.21247113,1.0,1.1127512,0.020224411857648082,0.1981166575925283
399,-0.19765696244257988,0.010820531008811219,2.111456e-08,0.20454647,1.0,1.0536124,0.02051893287596794,0.19765696244257988
97,-0.19711161131406113,0.011039604882769881,-2.4633653e-08,0.19841619,1.0,1.0084087,0.020882799384155833,0.19711161131406113
755,0.19672148851573293,0.011198732256197498,-7.038187e-09,-0.21479927,1.0,1.1429138,0.021131760129630663,0.19672148851573293
395,0.1964987192238489,0.011290510600010384,-7.038187e-09,-0.18639705,1.0,0.91292626,0.0212167517435948,0.1964987192238489
8,-0.19647813862524166,0.011299025342617544,-7.038187e-09,0.18090029,1.0,0.8655477,0.0212167517435948,0.19647813862524166
392,0.19618405687507615,0.011421293196209645,-1.4076374e-08,-0.21454267,1.0,1.145513,0.021379452375762498,0.19618405687507615
665,0.19613608578791109,0.01144134756046665,-1.4076374e-08,-0.24847822,1.0,1.404849,0.021379452375762498,0.19613608578791109
515,-0.1942251124642779,0.012266195225074245,0.0,0.19354442,1.0,0.9920175,0.022865140613730628,0.1942251124642779
150,0.1941533805064089,0.012298160241638757,1.4076374e-08,-0.20837742,1.0,1.1140093,0.022869218076461417,0.1941533805064089
465,0.19275104442065025,0.012938097694842736,0.0,-0.20392147,1.0,1.0900729,0.024001108767244497,0.19275104442065025
739,0.19175765559547442,0.013409112304140325,-7.038187e-09,-0.20460454,1.0,1.1042327,0.02476413622131769,0.19175765559547442
468,0.19174770821478018,0.013413907119880414,-1.9355014e-08,-0.25379014,1.0,1.4869708,0.02476413622131769,0.19174770821478018
67,-0.19058753865404843,0.013983350612237079,-6.1584133e-09,0.203315,1.0,1.1038964,0.02575350904124239,0.19058753865404843
254,0.1900659289196735,0.014246269510655137,0.0,-0.18209103,1.0,0.92874527,0.026174964076993167,0.1900659289196735
696,-0.18924974531973032,0.014666441045024223,7.038187e-09,0.18423311,1.0,0.9543708,0.0268826413426697,0.18924974531973032
113,-0.1885615218399076,0.01502920843071638,0.0,0.21036951,1.0,1.1794329,0.027481981130452807,0.1885615218399076
365,-0.18817545619789597,0.015236151882933226,-5.27864e-09,0.18126114,1.0,0.9374262,0.027794215311384127,0.18817545619789597
147,0.18780789423148062,0.015435515345841398,-3.5190935e-09,-0.19612011,1.0,1.0685092,0.028091174847408043,0.18780789423148062
577,-0.186009465350368,0.01644448118886699,-1.4076374e-08,0.18389933,1.0,0.97925204,0.029856646697517367,0.186009465350368
318,0.18543146683115563,0.01678086067122171,2.8152748e-08,-0.17338832,1.0,0.8900562,0.03039552121579781,0.18543146683115563
279,0.18415647941966448,0.01754434493483088,-1.4076374e-08,-0.1696265,1.0,0.8662101,0.03170366331752968,0.18415647941966448
369,-0.18286261500698797,0.018350163067191626,-7.038187e-09,0.15756483,1.0,0.760898,0.0330819841211342,0.18286261500698797
533,-0.18249654791925712,0.01858396743332957,-1.055728e-08,0.20270188,1.0,1.1718723,0.033425028076808215,0.18249654791925712
609,0.18218433871920559,0.01878542795502522,-7.038187e-09,-0.20715941,1.0,1.2120774,0.033642619087809945,0.18218433871920559
282,-0.18217334621690648,0.01879255675608134,-1.4076374e-08,0.21058452,1.0,1.2406038,0.033642619087809945,0.18217334621690648
569,0.18125208729140732,0.01939843099054224,-1.4076374e-08,-0.18955389,1.0,1.070947,0.03464650000171265,0.18125208729140732
513,-0.1796896502708722,0.020465130394374156,1.4076374e-08,0.19963463,1.0,1.1723019,0.03646686808092657,0.1796896502708722
198,-0.17917339587047718,0.020828681593334113,7.038187e-09,0.22920673,1.0,1.4228721,0.037028767277038424,0.17917339587047718
457,-0.1788853557654423,0.021033962981257603,0.0,0.18757801,1.0,1.0753509,0.03730735235474789,0.1788853557654423
244,-0.1783562902631453,0.021415627623400678,2.111456e-08,0.1870265,1.0,1.0753796,0.03789412925707244,0.1783562902631453
732,0.1782905500678357,0.021463471649513687,-5.27864e-09,-0.17573296,0.99999994,0.9743482,0.03789412925707244,0.1782905500678357
480,0.17784333036764502,0.02179142862572404,2.8152748e-08,-0.17209464,1.0,0.9447579,0.038384901799440506,0.17784333036764502
556,0.1775663644963534,0.021996716626724346,-7.038187e-09,-0.17893282,1.0,1.0101461,0.038657845238728374,0.1775663644963534
397,-0.17736433561652326,0.022147527233453736,1.4076374e-08,0.17619415,1.0,0.98698854,0.03883402035454902,0.17736433561652326
133,0.17564165903736723,0.02347045904016091,1.4076374e-08,-0.17671624,1.0,1.0076005,0.04105993745522455,0.17564165903736723
654,-0.175129506545438,0.023876798597352648,1.7595467e-09,0.18056153,1.0,1.0475096,0.041675866642651896,0.175129506545438
78,-0.1747308628522181,0.024197296861886066,-7.038187e-09,0.17889877,1.0,1.0360854,0.04213951018124376,0.1747308628522181
566,-0.1744723982248818,0.024407085813299777,7.038187e-09,0.19004089,1.0,1.1387969,0.04240869209188739,0.1744723982248818
672,0.17438410346264874,0.024479115334493966,-3.5190933e-08,-0.18948816,1.0,1.1347452,0.04242653282021247,0.17438410346264874
668,-0.1743245073458685,0.024527839286685334,1.7595466e-08,0.18538706,1.0,1.0987034,0.04242653282021247,0.1743245073458685
745,0.1736666459875152,0.025071266341870516,0.0,-0.20403801,1.0,1.2690268,0.043269061911363045,0.1736666459875152
102,0.17321276916793457,0.025452255839668054,8.797733e-09,-0.19211452,0.99999994,1.1694318,0.043828099741849924,0.17321276916793457
37,-0.17266758412780406,0.025916525930679907,7.038187e-09,0.22620274,1.0,1.4674904,0.04452772240438964,0.17266758412780406
167,0.17170385110655562,0.0267551729420556,1.4076374e-08,-0.17190702,1.0,0.9996209,0.0458660107578096,0.17170385110655562
664,-0.1713015436386153,0.027112156155444007,0.0,0.18976493,1.0,1.1673738,0.046374467544278396,0.1713015436386153
528,0.17076752652356364,0.027592368352566548,-8.797733e-09,-0.16384386,1.0,0.9311027,0.04709097532171357,0.17076752652356364
402,-0.16879115227662794,0.02943411010140999,7.038187e-09,0.2218581,1.0,1.4737618,0.05012283050528353,0.16879115227662794
382,0.1685751583477909,0.02964166915158052,0.0,-0.17214899,1.0,1.031843,0.05036460599206602,0.1685751583477909
27,-0.16750183372727365,0.030691905051919037,0.0,0.17139204,1.0,1.0350811,0.05193317259810879,0.16750183372727365
276,0.1674936057205066,0.030700078593152855,7.038187e-09,-0.17223214,1.0,1.0431672,0.05193317259810879,0.1674936057205066
512,0.16622011816331414,0.03198786043935938,0.0,-0.14129506,1.0,0.7394827,0.053992696302039574,0.16622011816331414
729,0.16587291313318964,0.032346908704062885,-7.038187e-09,-0.19745868,1.0,1.2922297,0.054479004133158544,0.16587291313318964
494,-0.16491511507636564,0.03335537513475629,7.038187e-09,0.1906431,1.0,1.24068,0.05605454727241319,0.16491511507636564
278,0.16421267709056214,0.034112000295057975,2.8152748e-08,-0.18388608,1.0,1.1857752,0.05720090879171294,0.16421267709056214
415,-0.16405010904383047,0.03428919082704391,0.0,0.15296917,1.0,0.8856353,0.05735736450915273,0.16405010904383047
759,0.16399021484361037,0.034354671450794606,-7.038187e-09,-0.15122512,1.0,0.8680312,0.05735736450915273,0.16399021484361037
486,0.16365454484516784,0.034723624662597506,5.27864e-09,-0.17798503,1.0,1.1362188,0.05779329971960716,0.16365454484516784
505,0.16361593286549053,0.03476628186257618,0.0,-0.16316935,1.0,0.9932764,0.05779329971960716,0.16361593286549053
243,-0.1630294654662436,0.03541973455065339,6.5983e-09,0.16111784,1.0,0.9786292,0.058752389060263074,0.1630294654662436
205,-0.16197579981359114,0.03662013538698578,4.222912e-08,0.18235397,1.0,1.1949344,0.06054753575422406,0.16197579981359114
224,0.16194163200235664,0.03665964078869035,3.5190935e-09,-0.1531559,1.0,0.9081423,0.06054753575422406,0.16194163200235664
611,-0.1597855086736392,0.039226949845475624,-3.5190935e-09,0.16685969,1.0,1.068531,0.06464870704147055,0.1597855086736392
295,0.15947941781868633,0.03960352907116554,0.0,-0.15278207,1.0,0.9286844,0.06512957243395104,0.15947941781868633
66,-0.15896062136836783,0.040248822414068394,0.0,0.1825378,1.0,1.2290834,0.06604934960257378,0.15896062136836783
437,-0.1571092590586922,0.04262493506431642,1.055728e-08,0.15165639,1.0,0.9408072,0.06979946722685504,0.1571092590586922
264,-0.15681499458351816,0.04301334890753218,-7.038187e-09,0.14890468,1.0,0.9145466,0.07028564247018025,0.15681499458351816
572,-0.1562833627029733,0.04372266690376879,-7.038187e-09,0.19084948,1.0,1.337828,0.07129301100232363,0.1562833627029733
578,0.15598117083602472,0.04413025971443275,0.0,-0.1579183,1.0,1.0177547,0.07180516834890752,0.15598117083602472
194,0.15414721188495956,0.0466734046998653,-7.038187e-09,-0.19949834,1.0,1.4445837,0.07569085696149756,0.15414721188495956
127,0.15411760221557166,0.046715450780924275,7.038187e-09,-0.17101575,1.0,1.1702292,0.07569085696149756,0.15411760221557166
549,-0.15294204955239632,0.0484110264054024,0.0,0.16486555,1.0,1.1213216,0.07827298585126115,0.15294204955239632
534,0.15247385236427985,0.04910060972177501,0.0,-0.14154628,1.0,0.8786047,0.07922115182000675,0.15247385236427985
671,-0.15182915682658624,0.05006366243592147,-2.8152748e-08,0.18908052,1.0,1.3733902,0.0806056451798484,0.15182915682658624
263,-0.15147573698331973,0.05059829770777694,1.055728e-08,0.16838513,1.0,1.1732737,0.08129600970621902,0.15147573698331973
413,0.15055002115170868,0.05202144649586579,-1.7595467e-09,-0.14472978,1.0,0.9342407,0.0834080812292796,0.15055002115170868
694,0.15045587090392978,0.052168051500821225,-2.111456e-08,-0.150931,1.0,1.0028167,0.08346888240131396,0.15045587090392978
663,-0.15025231833683178,0.05248619587524989,1.055728e-08,0.16942967,1.0,1.1977129,0.08380332314385014,0.15025231833683178
421,0.1497872507340698,0.05321917155456283,-1.4076374e-08,-0.13111942,1.0,0.78580195,0.08479735218652334,0.1497872507340698
731,-0.14949719032156017,0.05368065056422007,1.3636487e-08,0.20190567,1.0,1.5257258,0.08535556859900831,0.14949719032156017
159,0.14912282763393167,0.054281196211646975,-1.4076374e-08,-0.17976749,1.0,1.3146373,0.08613214605484477,0.14912282763393167
91,0.14899783464851873,0.05448295209250545,3.9589803e-09,-0.1764205,1.0,1.2827253,0.08613564903856465,0.14899783464851873
443,-0.1489825182160339,0.05450771540721669,2.111456e-08,0.124837786,1.0,0.71678114,0.08613564903856465,0.1489825182160339
412,-0.14856777806646052,0.055181925044344056,0.0,0.14828297,1.0,0.99459505,0.08702200910483826,0.14856777806646052
703,0.14729737624810138,0.05729059777017489,-1.7595467e-09,-0.18085885,1.0,1.3476672,0.09016225222847196,0.14729737624810138
122,0.14681707307633515,0.058105126628952265,-2.111456e-08,-0.20543803,1.0,1.5951307,0.0912571313927103,0.14681707307633515
12,-0.1440585674399771,0.06297199853604302,-1.4076374e-08,0.18715997,1.0,1.4518042,0.09857167459847502,0.1440585674399771
211,0.14403273261136623,0.06301913050501462,2.5513428e-08,-0.17772883,1.0,1.3566452,0.09857167459847502,0.14403273261136623
607,0.14276466305328628,0.06536861040017879,5.27864e-09,-0.15385659,1.0,1.1209062,0.10203880647832786,0.14276466305328628
126,0.14131124080870752,0.06815005153542188,-7.038187e-09,-0.2031541,1.0,1.6493616,0.10616478616471399,0.14131124080870752
476,-0.14023795490283816,0.07026603344118845,-1.4076374e-08,0.14830779,1.0,1.0894315,0.1092395013822525,0.14023795490283816
449,-0.13954009928356784,0.07167062036072804,-3.5190935e-09,0.15340285,1.0,1.1544051,0.11119805340815986,0.13954009928356784
742,0.13939819361890235,0.07195903899155197,3.5190935e-09,-0.14812939,1.0,1.0974126,0.11129456104705827,0.13939819361890235
230,0.1393669573352998,0.07202265213592182,0.0,-0.1481338,1.0,1.097835,0.11129456104705827,0.1393669573352998
255,-0.1386326140604841,0.07353152895707835,1.055728e-08,0.16915494,1.0,1.3363386,0.11339802056031359,0.1386326140604841
521,-0.13839047566677168,0.07403469824897649,-1.715558e-08,0.13789718,1.0,0.9919205,0.11394518688419628,0.13839047566677168
124,-0.1380792485605596,0.07468556857561194,-2.8152748e-08,0.12882397,1.0,0.88651615,0.11452564728518436,0.1380792485605596
453,-0.138067570490996,0.07471009022119449,-1.4076374e-08,0.17058912,1.0,1.3589985,0.11452564728518436,0.138067570490996
331,0.13756148212085745,0.07577876960882128,1.4076374e-08,-0.15473497,1.0,1.1934605,0.11593246027803733,0.13756148212085745
315,-0.1373584410429121,0.07621101552680076,-1.4076374e-08,0.12894648,1.0,0.8963413,0.11636194816020475,0.1373584410429121
692,-0.13668454706368138,0.07766011984559404,0.0,0.116004474,1.0,0.7369791,0.1183392302409052,0.13668454706368138
757,-0.1362801177516956,0.07854052238233404,0.0,0.12240759,1.0,0.82642066,0.11944380433590603,0.1362801177516956
387,0.1356439567457539,0.07994185030306658,7.038187e-09,-0.13485523,1.0,0.9882626,0.12133466607263861,0.1356439567457539
165,0.13541343941217482,0.08045463918929392,-1.4076374e-08,-0.17866293,1.0,1.4809601,0.1218721161683979,0.13541343941217482
509,0.13460571826245885,0.08227254596966735,-1.4076374e-08,-0.14458321,1.0,1.1153516,0.12438054193839472,0.13460571826245885
233,0.13262440253979188,0.0868734318363681,1.055728e-08,-0.2101589,1.0,1.8543671,0.1310781839888619,0.13262440253979188
322,-0.1322641093972613,0.08773203703188709,0.0,0.1347627,1.0,1.0281451,0.13211412635390055,0.1322641093972613
558,0.13171753663485145,0.08904764188932154,-8.797733e-09,-0.15277483,1.0,1.2464907,0.13383285512915644,0.13171753663485145
717,-0.13115521633814728,0.09041773600910108,-2.8152748e-08,0.14059767,1.0,1.1120347,0.13562660401365162,0.13115521633814728
489,0.12974274504455097,0.09393425442341374,-1.4076374e-08,-0.15559466,1.0,1.30537,0.14062672007247906,0.12974274504455097
373,0.12951746599627798,0.09450514639046469,1.7595466e-08,-0.12013968,1.0,0.87734526,0.14120613312816513,0.12951746599627798
404,0.12942439615385,0.0947417964010533,7.038187e-09,-0.17332354,1.0,1.5094225,0.1412848536621533,0.12942439615385
213,-0.1280939806752179,0.09817717524596474,-7.038187e-09,0.13564894,1.0,1.0916845,0.1461241678079475,0.1280939806752179
64,-0.1279271485141037,0.09861491682469811,1.4076374e-08,0.1794681,1.0,1.6002554,0.14628686471375066,0.1279271485141037
497,0.1279071705496559,0.09866744260640994,7.038187e-09,-0.110508054,1.0,0.7651289,0.14628686471375066,0.1279071705496559
484,-0.1270322571385807,0.10098968888612567,-1.4076374e-08,0.12408755,1.0,0.95985246,0.14922670441282854,0.1270322571385807
106,-0.1270138849315596,0.101038914446186,-2.4633653e-08,0.1262548,1.0,0.988,0.14922670441282854,0.1270138849315596
526,0.12602916087577332,0.10370562986906652,0.0,-0.12532704,1.0,0.98865885,0.1528712547782017,0.12602916087577332
223,-0.12515462332251473,0.1061206664626866,-7.038187e-09,0.13390939,1.0,1.1088483,0.15613155525544695,0.12515462332251473
232,0.12492319017611109,0.10676719056811193,-2.9912293e-08,-0.10940337,1.0,0.7865114,0.15678241368319304,0.12492319017611109
564,0.12480454779286439,0.10709984508899693,0.0,-0.11451623,0.99999994,0.8601218,0.15697076532127796,0.12480454779286439
715,-0.12418665239135322,0.10884560871806481,1.4076374e-08,0.11912234,1.0,0.9307103,0.15922557618185482,0.12418665239135322
751,0.12394171576301334,0.10954385562982356,0.0,-0.123351984,1.0,0.9899807,0.159942359550769,0.12394171576301334
396,0.12365943457363461,0.11035295093304841,2.111456e-08,-0.14520986,1.0,1.2681127,0.16081796265005918,0.12365943457363461
15,0.12301546669749787,0.11221645653648113,-7.038187e-09,-0.124972336,1.0,1.0233601,0.1632239367803362,0.12301546669749787
576,-0.12215393465837981,0.11474831459990503,0.0,0.10782737,1.0,0.79897964,0.1663567135644816,0.12215393465837981
367,0.1221011765771859,0.11490481224507797,-1.2316827e-08,-0.1642597,1.0,1.5181506,0.1663567135644816,0.1221011765771859
103,0.12206235682297026,0.11502007148794234,0.0,-0.122740045,1.0,1.0066863,0.1663567135644816,0.12206235682297026
339,-0.1213002343141398,0.1173013823740128,1.9355014e-08,0.1271944,1.0,1.0753478,0.1693373339534621,0.1213002343141398
333,0.12087944516451177,0.11857613325461434,6.5983e-09,-0.11626648,1.0,0.93506956,0.17085641714736177,0.12087944516451177
245,-0.12011133939145471,0.12093109028171131,1.055728e-08,0.14681143,1.0,1.3394786,0.17383820256392413,0.12011133939145471
767,0.12005727232776624,0.12109822704648361,-7.038187e-09,-0.14088902,0.99999994,1.2669784,0.17383820256392413,0.12005727232776624
290,-0.11985488304202983,0.12172546374646884,-1.4076374e-08,0.12555677,1.0,1.073742,0.17441260477105983,0.11985488304202983
288,-0.11962722274367793,0.12243409014718219,2.111456e-08,0.119420715,1.0,0.9949042,0.17510126859038347,0.11962722274367793
41,0.11937672002933229,0.1232175360516194,0.0,-0.14151695,1.0,1.2848412,0.1758941778580738,0.11937672002933229
219,0.11890807687712686,0.12469372728053384,7.038187e-09,-0.14944318,1.0,1.3901461,0.1776712106705937,0.11890807687712686
610,0.1187587260929271,0.12516705993720428,-1.4076374e-08,-0.12684974,1.0,1.1060045,0.17801537413291277,0.1187587260929271
510,0.11776655914945963,0.12834728349922497,-1.4076374e-08,-0.12783,1.0,1.1329467,0.18220094958854857,0.11776655914945963
414,-0.11754474827241215,0.12906678510539565,-2.111456e-08,0.14610562,1.0,1.3699113,0.18255306776466776,0.11754474827241215
286,0.11754353853045696,0.12907072369298775,0.0,-0.119072676,1.0,1.0187037,0.18255306776466776,0.11754353853045696
725,-0.11743189509549222,0.12943406283440503,0.0,0.11167521,1.0,0.9169328,0.1827304416485718,0.11743189509549222
718,-0.11644158916819865,0.13269194848607754,-3.5190935e-09,0.10484655,1.0,0.8303109,0.1869860852060689,0.11644158916819865
51,0.11485967095867734,0.13802767266860347,7.038187e-09,-0.12353406,1.0,1.1175278,0.19414881430309058,0.11485967095867734
204,0.1144814512982182,0.1393276054256027,1.4076374e-08,-0.11700429,1.0,1.0331821,0.19561901456464878,0.1144814512982182
614,0.11417082974682762,0.14040225833271747,-1.7595466e-08,-0.1397868,1.0,1.3425331,0.1967681284662902,0.11417082974682762
708,0.11382995289695673,0.14158891889413414,-1.4076374e-08,-0.10976015,1.0,0.9390714,0.19806974446392536,0.11382995289695673
50,-0.11363495757798071,0.1422712004776097,-2.8152748e-08,0.12644354,1.0,1.1749374,0.19866233084873497,0.11363495757798071
316,-0.1133134929061978,0.14340151570411047,0.0,0.118400715,1.0,1.069514,0.19987724874910498,0.1133134929061978
242,-0.11284040382662491,0.145077494502638,-1.7595467e-09,0.13166884,1.0,1.2569984,0.20184694887323545,0.11284040382662491
328,0.1126256292760984,0.14584331492310396,1.7595466e-08,-0.11436328,1.0,1.0225915,0.2025455078859744,0.1126256292760984
662,0.11105458276148716,0.1515397479657557,1.4076374e-08,-0.092409946,1.0,0.7057277,0.21007676252292487,0.11105458276148716
141,-0.11093171097356495,0.15199232944582372,0.0,0.09552956,1.0,0.75998145,0.21032452074665337,0.11093171097356495
153,0.11082753755949593,0.152376848982504,3.5190935e-09,-0.12361302,1.0,1.1789881,0.21047737413410625,0.11082753755949593
166,0.10973032455877108,0.15647196468191998,1.4076374e-08,-0.10751549,1.0,0.96477824,0.2157459046242631,0.10973032455877108
118,-0.10945975036308371,0.1574945705589928,5.27864e-09,0.13237254,1.0,1.3203082,0.2166921104739721,0.10945975036308371
431,0.10933455441847438,0.15796944045765968,-1.4076374e-08,-0.12464745,1.0,1.2165779,0.2166921104739721,0.10933455441847438
574,0.10928714508111462,0.15814955027888633,-1.4076374e-08,-0.13382593,1.0,1.3427833,0.2166921104739721,0.10928714508111462
303,-0.10925104251271436,0.1582868150727843,-1.4076374e-08,0.104913004,1.0,0.9324978,0.2166921104739721,0.10925104251271436
144,-0.10882570734997224,0.15991072628556197,0.0,0.104442485,1.0,0.9315476,0.21852569001300995,0.10882570734997224
557,0.10717933031587756,0.16631568404118185,1.4076374e-08,-0.104596026,1.0,0.95833504,0.22687468089454293,0.10717933031587756
268,-0.10707026136510063,0.16674672973172155,-3.5190935e-09,0.11071742,1.0,1.0523534,0.22705937665596126,0.10707026136510063
220,0.10638305022299016,0.1694819965043749,-1.5835921e-08,-0.101564094,1.0,0.9231677,0.23036068290085152,0.10638305022299016
659,-0.10631092234623327,0.1697710241170338,2.111456e-08,0.13190243,1.0,1.3666008,0.23036068290085152,0.10631092234623327
197,-0.10594677917725814,0.1712358668805991,0.0,0.089836836,1.0,0.73556477,0.23193852868483267,0.10594677917725814
429,0.10564609840012079,0.17245256473164175,-1.7595466e-08,-0.104004726,1.0,0.97239834,0.23317529879207896,0.10564609840012079
184,0.10541554242621061,0.17338986736229173,0.0,-0.08527032,1.0,0.66064274,0.23403061183521978,0.10541554242621061
349,-0.10519553752455015,0.17428783393610925,-2.2874108e-08,0.14503308,1.0,1.5658877,0.2348299236191788,0.10519553752455015
4,0.10456140019283122,0.17689560368840984,7.9179605e-09,-0.11410875,1.0,1.1420075,0.2379261359591922,0.10456140019283122
270,0.10414174379269514,0.1786372990261226,0.0,-0.11778002,1.0,1.2027708,0.23984868120989888,0.10414174379269514
371,-0.10368782740505951,0.18053554782504921,1.7595466e-08,0.09938638,1.0,0.92953545,0.24197434682310262,0.10368782740505951
208,0.10293250014912086,0.18372749065990293,7.038187e-09,-0.1116661,1.0,1.1320102,0.245823541510114,0.10293250014912086
388,-0.10281662591075512,0.18422084965935867,0.0,0.13182844,1.0,1.4271231,0.24605497832763037,0.10281662591075512
724,-0.10232243467420885,0.18633600349334575,0.0,0.09289841,1.0,0.8433734,0.24844800465779435,0.10232243467420885
705,0.10151097314291538,0.18984800926966033,-7.038187e-09,-0.09834504,1.0,0.9466387,0.2526919776760817,0.10151097314291538
72,-0.10106250515149418,0.1918098275412966,7.038187e-09,0.10496316,1.0,1.0595472,0.2548615009545256,0.10106250515149418
481,0.10030757571402184,0.19514592476160883,1.4076374e-08,-0.105440505,1.0,1.079414,0.2588464079739475,0.10030757571402184
532,-0.10020323654230731,0.1956103546744686,-1.0117393e-08,0.11248422,1.0,1.1899817,0.2590150903275722,0.10020323654230731
210,-0.09985521394367064,0.19716528597797167,1.4076374e-08,0.13501242,1.0,1.5278965,0.26000283156090703,0.09985521394367064
519,0.09978314432911935,0.1974884055081175,-1.7595466e-08,-0.10771245,1.0,1.123659,0.26000283156090703,0.09978314432911935
302,-0.09977774634857409,0.19751264424975307,1.4076374e-08,0.11700258,1.0,1.2656553,0.26000283156090703,0.09977774634857409
409,0.09973366335544845,0.19771048649943973,-7.038187e-09,-0.12006859,1.0,1.3122537,0.26000283156090703,0.09973366335544845
218,-0.09905672354918367,0.2007671002058854,2.8152748e-08,0.11715252,1.0,1.2806853,0.26357116744977777,0.09905672354918367
347,0.0988131247843344,0.20187544514806277,-1.4076374e-08,-0.0983852,1.0,0.99067533,0.2645739622418297,0.0988131247843344
456,0.0979467362147384,0.20585360011516618,3.5190935e-09,-0.10408468,0.99999994,1.0974613,0.2693280492137098,0.0979467362147384
478,-0.09767202780798524,0.20712681823936566,7.038187e-09,0.12282356,1.0,1.39119,0.27053298708815104,0.09767202780798524
544,-0.09720249982115016,0.20931621462766703,0.0,0.10745561,1.0,1.1638415,0.2729284428421872,0.09720249982115016
85,-0.09649199886855289,0.21266112861362635,-1.9355014e-08,0.12589467,1.0,1.4597902,0.27681990978858484,0.09649199886855289
588,0.09557759632897708,0.21702266568224768,-3.5190935e-09,-0.08030284,1.0,0.72102576,0.2819548831888116,0.09557759632897708
488,-0.09551153889994389,0.2173402224580423,-1.4076374e-08,0.10200177,1.0,1.1057278,0.2819548831888116,0.09551153889994389
55,0.09533231978950751,0.21820349059998648,2.111456e-08,-0.09056915,0.99999994,0.9153524,0.28259743807890325,0.09533231978950751
591,0.0941998707993021,0.22371536473147693,7.038187e-09,-0.098926395,1.0,1.0778445,0.28924814833968737,0.0941998707993021
370,0.09407324420423148,0.22433784567093026,0.0,-0.07679321,1.0,0.6752312,0.28956548819373856,0.09407324420423148
462,-0.09315669536846256,0.22888040178623067,-7.038187e-09,0.093407676,1.0,1.0020667,0.2949331351876261,0.09315669536846256
733,-0.09267739722006066,0.23128183823468318,-7.038187e-09,0.08545884,1.0,0.867948,0.2975283949149693,0.09267739722006066
300,-0.09199993396354064,0.2347066602349261,-5.27864e-09,0.11343198,1.0,1.3551884,0.30142928939870106,0.09199993396354064
43,-0.09181146815075722,0.2356657973141195,0.0,0.10968308,1.0,1.2985325,0.30215581358471416,0.09181146815075722
253,-0.0910624169258412,0.23950528327481554,-7.038187e-09,0.1033507,1.0,1.2088249,0.3065667625917639,0.0910624169258412
531,0.09059415237578565,0.2419278580036702,-1.5835921e-08,-0.09077339,1.0,1.000908,0.3091524042376351,0.09059415237578565
353,-0.08974761590408618,0.24635117652459787,0.0,0.100626744,1.0,1.1879346,0.31428189961942055,0.08974761590408618
180,-0.08952599814925914,0.24751848278360192,0.0,0.08377978,1.0,0.89134943,0.3152474208587169,0.08952599814925914
323,-0.08928128799413548,0.2488119394142062,0.0,0.09838244,1.0,1.1583942,0.3163701481293218,0.08928128799413548
469,-0.08912100192389033,0.24966171680357072,7.038187e-09,0.08438908,1.0,0.91008973,0.316925947942384,0.08912100192389033
23,-0.08881637874395715,0.25128231663651257,1.4076374e-08,0.082018055,1.0,0.8702576,0.3183340665304829,0.08881637874395715
354,0.08875683222106973,0.25159997185417077,1.4076374e-08,-0.096424945,0.99999994,1.1344064,0.3183340665304829,0.08875683222106973
435,-0.08850243712036863,0.25296017753998595,7.038187e-09,0.08621191,1.0,0.9554047,0.3195286453136665,0.08850243712036863
84,-0.08763007147559079,0.2576635215750335,2.8152748e-08,0.08123814,1.0,0.8764268,0.32493527843945114,0.08763007147559079
155,-0.08730345685394633,0.2594400101086431,0.0,0.09530161,1.0,1.1424782,0.32663922584170146,0.08730345685394633
160,0.0871899484532524,0.2600593795570959,-3.5190935e-09,-0.09673911,1.0,1.1700404,0.32688314811759356,0.0871899484532524
474,0.0866860121523539,0.2628215199015811,1.4076374e-08,-0.08916746,1.0,1.0437013,0.32981524066080764,0.0866860121523539
736,-0.08637381745959366,0.2645428499533099,-7.038187e-09,0.08862916,1.0,1.0396914,0.3314337826494975,0.08637381745959366
154,0.08625166940948828,0.265218464675003,0.0,-0.096421614,1.0,1.1828814,0.3317390567921862,0.08625166940948828
463,-0.08609491101197835,0.26608723007678964,-5.27864e-09,0.07991851,1.0,0.8784837,0.33212657529192235,0.08609491101197835
504,0.08603978656252975,0.2663931905987294,-7.038187e-09,-0.09501268,1.0,1.1620066,0.33212657529192235,0.08603978656252975
635,-0.08503933147549173,0.27198844649368675,-4.3988666e-09,0.07461738,1.0,0.78953457,0.3385528799143459,0.08503933147549173
35,-0.08491984943546688,0.2726620319495139,2.8152748e-08,0.07928444,1.0,0.8876504,0.3388421367916289,0.08491984943546688
32,0.08447003544135609,0.2752080981039353,-3.5190933e-08,-0.08105689,1.0,0.9313318,0.34145366614510875,0.08447003544135609
711,-0.08394876334204047,0.278178924803922,1.4076374e-08,0.097663246,1.0,1.251754,0.34458292620872916,0.08394876334204047
10,-0.08343780814637511,0.2811121107650185,-1.7595467e-09,0.08289795,1.0,0.98719627,0.3476555572746123,0.08343780814637511
559,-0.08269825312504053,0.2853947400710817,-1.4076374e-08,0.07587128,1.0,0.8599196,0.35238450220995293,0.08269825312504053
321,-0.08258369004870615,0.2860620855734898,-1.4076374e-08,0.07814416,1.0,0.9089753,0.3526415436925203,0.08258369004870615
46,-0.08230700065836731,0.28767820387258847,-1.2316827e-08,0.09292042,1.0,1.1997145,0.35382976493026647,0.08230700065836731
372,0.08218340124896314,0.2884021308487716,1.7595467e-09,-0.07509142,1.0,0.8534531,0.35382976493026647,0.08218340124896314
727,-0.08218237907908622,0.2884081156853474,-7.038187e-09,0.09561925,1.0,1.2519548,0.35382976493026647,0.08218237907908622
593,0.08005455238908568,0.30106398394715783,-2.111456e-08,-0.09021956,1.0,1.1967102,0.36876736789699716,0.08005455238908568
266,-0.07996287258763651,0.3016174817581972,1.7595467e-09,0.09683546,1.0,1.3227943,0.3688570477552475,0.07996287258763651
13,0.07981840791148617,0.3024910354826921,1.4076374e-08,-0.0712296,1.0,0.8161797,0.3693372261537481,0.07981840791148617
234,-0.0777142603327513,0.31540552290577595,-1.7595466e-08,0.073733464,1.0,0.91323715,0.3844943517327554,0.0777142603327513
96,0.07638800411162953,0.3237294276923366,0.0,-0.07973443,1.0,1.0677966,0.394016165558977,0.07638800411162953
754,-0.07570860215596271,0.3280485746678019,1.7595466e-08,0.087681256,1.0,1.2438934,0.39832385821494326,0.07570860215596271
383,0.07566829357823669,0.3283059925130978,2.111456e-08,-0.08014248,1.0,1.091919,0.39832385821494326,0.07566829357823669
363,-0.0750318599473092,0.33238787324917274,-1.4076374e-08,0.09224526,1.0,1.3499743,0.40264019977186855,0.0750318599473092
228,0.07463287037555763,0.3349635436804923,9.677507e-09,-0.092269845,1.0,1.360128,0.4051212622781387,0.07463287037555763
670,0.0737585954239784,0.3406523487417791,-1.055728e-08,-0.0916502,1.0,1.369311,0.41135377961271435,0.0737585954239784
626,-0.07306487410879495,0.3452101743273498,-7.038187e-09,0.07650583,1.0,1.0729868,0.41620316151240916,0.07306487410879495
31,0.07269994428380855,0.34762336197531596,-1.7595466e-08,-0.08187513,1.0,1.195538,0.41790331040166306,0.07269994428380855
56,0.07268708369514935,0.34770861373263373,-1.7595467e-09,-0.07896962,1.0,1.134465,0.41790331040166306,0.07268708369514935
602,0.0721535191278715,0.35125680957028704,0.0,-0.08836881,0.99999994,1.3430759,0.42103105831834386,0.0721535191278715
590,-0.07210368689125389,0.3515893697257041,-4.486844e-08,0.06715725,1.0,0.8838385,0.42103105831834386,0.07210368689125389
477,0.07204883381104706,0.3519556503129906,7.038187e-09,-0.07366649,1.0,1.033846,0.42103105831834386,0.07204883381104706
132,0.07155011408002844,0.3552970529039341,1.4076374e-08,-0.07547921,1.0,1.0853009,0.42436724203766935,0.07155011408002844
613,-0.07139266407210383,0.35635609414665403,2.3313994e-08,0.06257076,1.0,0.7877101,0.4249712427090533,0.07139266407210383
265,-0.07074575006107185,0.36072835215647137,2.111456e-08,0.089350395,1.0,1.3991774,0.4295184100095659,0.07074575006107185
422,-0.07036256028702327,0.3633340199587849,-9.677507e-09,0.065182164,1.0,0.87526053,0.43195128069403527,0.07036256028702327
639,-0.07027480891748539,0.36393237595268424,7.038187e-09,0.0756183,1.0,1.1183294,0.4319939176687195,0.07027480891748539
326,-0.06993573417205125,0.366250270558074,0.0,0.0794641,1.0,1.2107996,0.43407439473549514,0.06993573417205125
721,-0.06977629581934584,0.3673433600471715,0.0,0.075169325,1.0,1.1202788,0.4346990762961906,0.06977629581934584
351,0.06959938935211099,0.36855858767149385,-1.4076374e-08,-0.07961982,1.0,1.2225095,0.43546614666416505,0.06959938935211099
95,-0.06907037187896135,0.37220754389774147,3.5190935e-09,0.069697745,1.0,1.0123836,0.43910198727106825,0.06907037187896135
324,-0.06849719291809266,0.37618631946987136,-1.055728e-08,0.078194335,1.0,1.2188724,0.4426947531756304,0.06849719291809266
58,0.06846567975276209,0.37640582529125866,0.0,-0.07759328,1.0,1.2063539,0.4426947531756304,0.06846567975276209
187,-0.06785821024332045,0.3806527513369552,7.9179605e-09,0.075465,1.0,1.1739894,0.4470050657901859,0.06785821024332045
391,-0.06717334672771641,0.38547597186108307,5.27864e-09,0.06847107,0.99999994,1.0288306,0.4519779334187966,0.06717334672771641
190,-0.06641849966665639,0.39083522323438047,7.038187e-09,0.07550061,1.0,1.211552,0.45756318817683567,0.06641849966665639
546,0.06580508178169099,0.3952235657620957,7.038187e-09,-0.06896775,1.0,1.0745118,0.46191527697860624,0.06580508178169099
688,0.06564972215384113,0.3963397152121071,-5.27864e-08,-0.078600675,1.0,1.3024243,0.46191527697860624,0.06564972215384113
250,-0.06564717163430418,0.396358053798074,0.0,0.06248264,1.0,0.9183014,0.46191527697860624,0.06564717163430418
603,0.06555650092769442,0.3970103580466773,0.0,-0.058723703,1.0,0.82213885,0.46191527697860624,0.06555650092769442
385,0.06548018539599366,0.39755989333705566,0.0,-0.075623,1.0,1.2390095,0.46191527697860624,0.06548018539599366
568,0.0644467320884036,0.405046743430418,1.4076374e-08,-0.06449069,1.0,0.9988094,0.46990317062622516,0.0644467320884036
291,0.0642683315850324,0.40634766776784215,3.5190935e-09,-0.06905745,1.0,1.1159648,0.4707013708079981,0.0642683315850324
70,-0.06310374361349956,0.41490123668439005,-2.111456e-08,0.07175855,1.0,1.2121769,0.47988576773134267,0.06310374361349956
608,0.06296247152516603,0.4159460371114251,7.038187e-09,-0.062219426,1.0,0.9785057,0.480370761656503,0.06296247152516603
59,-0.062111562671339555,0.42227196774356657,-1.4076374e-08,0.07161649,1.0,1.2361921,0.4869442510916804,0.062111562671339555
74,-0.061926229106694194,0.4236572402846621,0.0,0.067142986,1.0,1.1310704,0.4878092361898358,0.061926229106694194
185,-0.06095601507866368,0.4309525113677639,0.0,0.06429432,1.0,1.0850679,0.4954663603749142,0.06095601507866368
444,0.060209190239534055,0.43661747604946866,-1.4076374e-08,-0.068581834,1.0,1.2150679,0.5005550451102558,0.060209190239534055
193,-0.06020069902262597,0.43668213570816594,0.0,0.05800913,0.99999994,0.9379904,0.5005550451102558,0.06020069902262597
201,0.05850003264287906,0.4497426480359129,-1.7595466e-08,-0.06443248,1.0,1.1575805,0.5147576060977364,0.05850003264287906
33,-0.05835583887292279,0.45086012615246285,-1.4076374e-08,0.07954554,1.0,1.5436633,0.5152687156028147,0.05835583887292279
756,-0.0582272679462249,0.4518578484955377,-2.8152748e-08,0.05899088,1.0,1.0188737,0.5156416458314605,0.0582272679462249
358,0.05780667555424263,0.45513041332383686,0.0,-0.065332696,1.0,1.2016063,0.5186055748259744,0.05780667555424263
604,0.05755629046429542,0.457084957506146,1.4076374e-08,-0.05828897,1.0,1.0182549,0.5200611072069927,0.05755629046429542
423,0.05682814300905521,0.46279576363117547,-1.4076374e-08,-0.05643724,1.0,0.9865309,0.5257798024685544,0.05682814300905521
231,-0.055744713289371424,0.47136633155799357,-1.055728e-08,0.062289782,1.0,1.1821195,0.5347257646034551,0.055744713289371424
760,-0.05462996476508176,0.48027544835013225,-7.038187e-09,0.05713097,1.0,1.0709131,0.5440288264497073,0.05462996476508176
432,-0.05453814203252291,0.4810133867797788,1.055728e-08,0.06189118,1.0,1.2086427,0.5440622695830193,0.05453814203252291
21,0.053309361471051434,0.4909477262372389,-3.5190935e-09,-0.048947018,1.0,0.86116445,0.5544821378679404,0.053309361471051434
605,0.05307833633149962,0.4928277635897348,-1.7595467e-09,-0.06645148,1.0,1.3830594,0.5557881386738859,0.05307833633149962
142,-0.052388253070308435,0.4984664512343353,-1.7595467e-09,0.06674925,1.0,1.4154257,0.5613229245571401,0.052388253070308435
596,0.052034996871859314,0.5013661862916569,-2.8152748e-08,-0.061221786,1.0,1.2715209,0.563761685317705,0.052034996871859314
152,-0.05005128016381422,0.5178144936486649,-7.038187e-09,0.053193875,1.0,1.0976516,0.5814057472546413,0.05005128016381422
411,0.049891910073947214,0.5191479882529995,0.0,-0.05427959,1.0,1.1368042,0.5814809717953456,0.049891910073947214
553,0.04986231935849571,0.5193957638692801,3.5190935e-09,-0.050049778,1.0,1.0037898,0.5814809717953456,0.04986231935849571
251,0.04893197619232366,0.5272173601667378,-1.4076374e-08,-0.058266684,1.0,1.2927469,0.5893783589636894,0.04893197619232366
87,0.04875381397803075,0.5287220505663858,2.8152748e-08,-0.050222453,0.99999994,1.0460881,0.5902013587717795,0.04875381397803075
77,0.04857113129481178,0.5302671785882541,2.8152748e-08,-0.05510548,1.0,1.2082003,0.5910670437674589,0.04857113129481178
360,-0.047925406559602826,0.5357471035907604,-2.111456e-08,0.043530263,1.0,0.8440586,0.5963098196488463,0.047925406559602826
327,-0.047445186598099216,0.5398409284852411,-1.4076374e-08,0.0421533,1.0,0.8092129,0.5999968640762159,0.047445186598099216
470,0.04726502859377024,0.5413807844111886,-2.111456e-08,-0.04644896,1.0,0.9695652,0.6008387896355388,0.04726502859377024
630,0.04607652642036957,0.551594022403513,1.2316827e-08,-0.048387684,1.0,1.0778189,0.6112903451744559,0.04607652642036957
666,0.04365951642618705,0.5726525276702251,0.0,-0.050697397,1.0,1.248495,0.6337134600154652,0.04365951642618705
6,0.042680416432842316,0.5812905817513137,1.4076374e-08,-0.051092006,1.0,1.302143,0.6423470025683581,0.042680416432842316
516,0.04227320278918569,0.5849011048473507,-1.4076374e-08,-0.04902355,1.0,1.2462149,0.6454081156936283,0.04227320278918569
161,0.039725461480138835,0.6077239110703261,7.038187e-09,-0.055983778,1.0,1.6092863,0.6695597908266276,0.039725461480138835
746,0.03963603205148408,0.6085322057252422,1.31966e-08,-0.051404517,1.0,1.4485047,0.6695597908266276,0.03963603205148408
680,-0.03951191560755507,0.6096548182194883,0.0,0.049610924,1.0,1.3883889,0.669835336756176,0.03951191560755507
281,0.039066175837201865,0.6136940462208068,0.0,-0.039468713,0.99999994,1.0143507,0.6733100392822566,0.039066175837201865
695,0.03845570329795346,0.6192451402184118,-7.038187e-09,-0.04112298,1.0,1.1079245,0.6775425450796212,0.03845570329795346
164,-0.03844790057390888,0.6193162326118412,-2.8152748e-08,0.038032856,1.0,0.9801497,0.6775425450796212,0.03844790057390888
163,0.038058406611750334,0.6228695529111739,-2.111456e-08,-0.04415023,1.0,1.2467881,0.6804606211035299,0.038058406611750334
501,0.037551277925442786,0.6275092641719083,1.4076374e-08,-0.036247533,1.0,0.94078887,0.6845555609148091,0.037551277925442786
274,0.03511853084309445,0.6499695520057471,0.0,-0.032546334,1.0,0.8759123,0.7080519375041331,0.03511853084309445
131,0.034582673366522765,0.6549609203086113,1.7595467e-09,-0.036407087,1.0,1.0819058,0.7124787348399624,0.034582673366522765
657,-0.03423760667305651,0.6581833532532457,0.0,0.035781138,1.0,1.0698107,0.7149714502100322,0.03423760667305651
145,0.03376633736824495,0.6625946038778331,0.0,-0.0328581,1.0,0.9537279,0.7187466889522257,0.03376633736824495
552,-0.03343002114042114,0.665749844008614,-2.0234786e-08,0.04257481,1.0,1.414588,0.7211507478118696,0.03343002114042114
743,0.031442508870853494,0.6845159285515667,0.0,-0.028314317,1.0,0.83046675,0.7404341311656384,0.031442508870853494
249,0.029113990931662573,0.7067519143924452,-6.1584133e-09,-0.038139816,1.0,1.4674457,0.7629402193596413,0.029113990931662573
183,0.029055983131801136,0.7073091616980008,-9.677507e-09,-0.027575457,1.0,0.9136886,0.7629402193596413,0.029055983131801136
114,-0.02829095974357035,0.714672957881219,1.2316827e-08,0.029072272,1.0,1.0420924,0.7698020079281573,0.02829095974357035
146,-0.027970169121634962,0.7177687292405783,6.1584133e-09,0.022541896,1.0,0.6547452,0.7720537591831431,0.027970169121634962
5,-0.027861192877266443,0.7188214600829439,-1.055728e-08,0.027127353,1.0,0.95465,0.7721047291520292,0.027861192877266443
217,0.02757852240920479,0.7215546051107529,1.4076374e-08,-0.02606307,1.0,0.9069676,0.7739580121858355,0.02757852240920479
645,-0.02690299028218418,0.7281007217307371,3.8710027e-08,0.023737093,1.0,0.7982705,0.779890312816187,0.02690299028218418
71,0.026767887030003015,0.7294123155777199,0.0,-0.023977809,1.0,0.82213056,0.7802070450747756,0.026767887030003015
189,-0.0263633251346644,0.7333445916004104,1.7595467e-09,0.031638592,1.0,1.3066231,0.7833221785105914,0.0263633251346644
734,0.026175968010035713,0.7351680558033151,-1.4076374e-08,-0.02643762,1.0,1.0138534,0.7841792595235362,0.026175968010035713
649,0.02512926953780993,0.7453823821262777,1.4076374e-08,-0.023536429,1.0,0.89270645,0.7934905569177165,0.02512926953780993
214,0.025069831925201513,0.7459637787689991,-7.038187e-09,-0.028450694,1.0,1.2086942,0.7934905569177165,0.025069831925201513
496,0.02431601591469284,0.753349798894511,0.0,-0.031608548,1.0,1.4528354,0.8002387905269495,0.02431601591469284
177,0.022741829668947958,0.7688463760157161,2.8152748e-08,-0.026923206,1.0,1.2824516,0.8155718463813121,0.022741829668947958
139,-0.02100418913069051,0.7860598994894822,-1.4076374e-08,0.03340751,1.0,1.8625166,0.8326813831833412,0.02100418913069051
633,-0.02068088109113959,0.7892745466613356,-7.038187e-09,0.023138847,1.0,1.184321,0.8349350576252145,0.02068088109113959
581,-0.020201802412408012,0.7940446295759485,5.27864e-09,0.022824157,1.0,1.2010202,0.8388256884653761,0.020201802412408012
364,0.019942895809275416,0.7966257371717133,0.0,-0.021086002,1.0,1.0890783,0.840396382071258,0.019942895809275416
436,-0.019411091564020946,0.801934396540515,0.0,0.020218194,1.0,1.0642716,0.8448362366846578,0.019411091564020946
499,0.019202611772193543,0.8040180353007602,-1.4076374e-08,-0.018199649,1.0,0.91154313,0.8458710289191559,0.019202611772193543
52,0.01832348429325374,0.8128196114203876,1.4076374e-08,-0.027526716,1.0,1.740007,0.8539609597412554,0.01832348429325374
538,-0.01667222894911192,0.8294148681790531,0.0,0.0149201825,1.0,0.82062286,0.8702057633353999,0.01667222894911192
312,0.016345744880130707,0.8327053647542192,-1.055728e-08,-0.013917988,1.0,0.74213105,0.8724661939034657,0.016345744880130707
424,-0.016142966804821517,0.834750561214218,-7.038187e-09,0.0177371,1.0,1.1534894,0.8734174809434869,0.016142966804821517
620,0.015605541014586895,0.8401763731919112,1.4076374e-08,-0.01584752,1.0,1.0227171,0.8778985777025684,0.015605541014586895
440,-0.01510278116776516,0.8452590991011695,8.797733e-09,0.012016342,1.0,0.6340711,0.8820094947142638,0.01510278116776516
599,-0.014851096986681182,0.8478059790606165,8.7977337e-10,0.013384648,1.0,0.83177376,0.8834667461581459,0.014851096986681182
135,-0.01464810295017092,0.8498613093515017,0.0,0.016965324,1.0,1.2439709,0.8838042613655787,0.01464810295017092
350,-0.01459181149075032,0.8504314442046389,3.5190935e-09,0.0141806165,1.0,0.9516113,0.8838042613655787,0.01459181149075032
634,0.014458005193051333,0.8517869842344643,-3.5190935e-09,-0.015182513,1.0,1.0777426,0.884016762016309,0.014458005193051333
434,-0.014137671219738166,0.8550339587856008,1.4076374e-08,0.01932523,1.0,1.5491134,0.8841138659170857,0.014137671219738166
175,-0.014134744591326529,0.855063632712334,2.8152748e-08,0.015184302,1.0,1.1155509,0.8841138659170857,0.014134744591326529
547,0.014108070744063856,0.8553341176775973,0.0,-0.015668973,1.0,1.1717536,0.8841138659170857,0.014108070744063856
359,-0.013858827330894295,0.8578623765389968,1.4076374e-08,0.017502435,1.0,1.3990738,0.8855353564273515,0.013858827330894295
24,-0.013012784038021728,0.8664551702628598,-1.4076374e-08,0.011897068,1.0,0.85441464,0.8931840969354139,0.013012784038021728
298,0.012900371936804635,0.8675980941586181,-1.7595466e-08,-0.013340836,1.0,1.0524788,0.8931840969354139,0.012900371936804635
523,0.01222476697166409,0.8744728987855633,7.038187e-09,-0.015184429,1.0,1.3686281,0.8990564742534306,0.01222476697166409
709,0.011346658324231105,0.8834224718115617,7.038187e-09,-0.011573686,1.0,1.0299361,0.9070433935177532,0.011346658324231105
377,0.01122525980898675,0.8846609527418519,4.8387534e-09,-0.012747555,1.0,1.2098422,0.9071022853214182,0.01122525980898675
636,0.010715260097886531,0.8898668997466719,1.4076374e-08,-0.011104636,1.0,1.0559683,0.9096022254966698,0.010715260097886531
258,0.010654584196056152,0.8904865847028266,-1.8475241e-08,-0.009676233,1.0,0.8438521,0.9096022254966698,0.010654584196056152
612,-0.010638371269188962,0.8906521791321558,0.0,0.015771165,1.0,1.7123474,0.9096022254966698,0.010638371269188962
221,-0.010002129369302929,0.8971542948862132,1.4076374e-08,0.011169784,1.0,1.1810914,0.9150258943859386,0.010002129369302929
550,0.009475580981878869,0.9025406488911317,-7.038187e-09,-0.009833526,1.0,1.0582446,0.9192986980747867,0.009475580981878869
500,0.009239402204137662,0.9049581292454167,8.7977337e-10,-0.007554448,1.0,0.6778107,0.9205401897489802,0.009239402204137662
427,-0.00897467228217146,0.9076688985522419,0.0,0.010115921,1.0,1.1969957,0.9220763413864045,0.00897467228217146
272,-0.007849463444567098,0.9192024206387199,1.4076374e-08,0.008833094,1.0,1.194173,0.9316211740115719,0.007849463444567098
651,-0.007821362421061476,0.9194906899749629,-3.5190935e-09,0.006369054,1.0,0.67132026,0.9316211740115719,0.007821362421061476
407,0.007142579449437703,0.9264569473795092,-7.038187e-09,-0.0074362885,0.99999994,1.0635443,0.9374426028820331,0.007142579449437703
640,0.006709862284281507,0.9309008464135748,1.4076374e-08,-0.0060632383,1.0,0.8359325,0.9406998026916125,0.006709862284281507
403,0.0060584710671697005,0.9375945071055756,-1.4076374e-08,-0.006046514,1.0,0.99449944,0.9462188981039186,0.0060584710671697005
134,0.0055019585197167405,0.9433167216182505,-1.4076374e-08,-0.0060637677,1.0,1.1586561,0.9506981750514055,0.0055019585197167405
17,-0.00538606638688178,0.9445087338075813,2.111456e-08,0.0056372825,1.0,1.0722661,0.9506981750514055,0.00538606638688178
92,0.004812744553575042,0.9504074391482726,-3.5190935e-09,-0.0060578007,1.0,1.3929276,0.9553833943270594,0.004812744553575042
320,0.004320114200424655,0.9554781269337891,-1.4076374e-08,-0.004326453,1.0,1.0000755,0.9592250999805882,0.004320114200424655
445,0.003969430658166054,0.9590888552766362,0.0,-0.0040979385,1.0,1.0496688,0.9615930037238337,0.003969430658166054
0,-0.0032054137213287843,0.966958186669285,-1.4076374e-08,0.0029447845,1.0,0.8620712,0.96821888834682,0.0032054137213287843
259,0.00018702822007821097,0.9980715385469517,-1.7595466e-08,-0.00019251973,1.0,1.0447241,0.9980715385469517,0.00018702822007821097
